# Blender 5.2.1 LTS
# www.blender.org
mtllib human-chest-reference.mtl
o Bare_chest_reference_·_MakeHuman_CC0
v -245.000000 1321.699463 -56.927040
v -245.000000 1371.435059 -66.955246
v -245.000000 1344.644043 -57.726955
v -245.000000 1315.767578 -146.291519
v -245.000000 1400.075073 -107.429260
v -245.000000 1384.832397 -126.065712
v -245.000000 1337.910034 -55.831444
v -245.000000 1300.989014 -145.324219
v -245.000000 1291.840332 -64.669586
v -245.000000 1296.060425 -63.099323
v -245.000000 1388.513184 -124.397346
v -245.000000 1292.551636 -144.689911
v -245.000000 1277.304199 -78.162674
v -245.000000 1269.330688 -133.473251
v -245.000000 1314.401733 -57.376305
v -245.000000 1391.755249 -80.214882
v -245.000000 1372.644775 -131.408279
v -245.000000 1362.079346 -136.884369
v -245.000000 1358.384888 -137.780884
v -245.000000 1270.151001 -87.764481
v -245.000000 1381.601318 -71.415512
v -245.000000 1394.907227 -116.077492
v -245.000000 1317.474487 -145.905930
v -245.000000 1268.836426 -132.884140
v -245.000000 1265.372192 -93.937920
v -245.000000 1263.456909 -127.149475
v -245.000000 1277.400635 -139.197266
v -245.000000 1339.936401 -141.977829
v -245.000000 1396.719727 -89.679306
v -245.000000 1335.578491 -143.158066
v -245.000000 1259.693237 -119.552559
v -245.000000 1388.994385 -74.728088
v -245.000000 1367.087891 -64.016884
v -245.000000 1360.057861 -61.820133
v -245.000000 1287.135010 -143.954727
v -245.000000 1257.467041 -108.737137
v -6.702124 1505.939819 25.353521
v -15.158565 1507.925293 22.947903
v 0.000000 1505.971313 29.219326
v -6.197888 1505.887329 19.649368
v -14.465242 1507.799194 16.613451
v 0.000000 1505.246460 25.826244
v -44.036522 1498.386719 -72.236946
v -45.454685 1501.128540 -79.947548
v -48.133434 1480.959106 -80.787941
v -50.717636 1484.814453 -88.656113
v -55.865032 1466.640991 -88.151863
v -57.220169 1467.933105 -96.009529
v -35.222916 1507.505127 -55.250538
v -38.910133 1492.588135 -59.294926
v -41.441814 1495.308838 -65.293213
v -42.880985 1477.156372 -66.543304
v -46.169018 1478.952637 -73.318954
v -50.444508 1463.216431 -74.411469
v -52.745079 1464.445435 -80.451782
v -30.821363 1504.679199 -52.603302
v -34.718681 1490.014404 -55.387108
v -39.235786 1474.782227 -60.418941
v -47.103951 1460.453613 -66.868950
v 0.000000 1504.973389 20.510763
v -5.903751 1506.612061 3.440317
v -13.005061 1508.975708 -0.204886
v 0.000000 1505.572144 4.291204
v -5.462546 1507.105835 -9.312627
v -11.586900 1508.639526 -12.085922
v 0.000000 1506.013306 -7.295690
v -3.970850 1505.572144 -26.351570
v -8.561490 1506.422974 -27.958817
v 0.000000 1505.256958 -26.046928
v -22.732594 1509.784668 -35.847996
v -3.004400 1495.949585 -37.287167
v -16.061985 1497.388794 -41.604683
v -6.859697 1496.317261 -38.463715
v -18.961336 1451.566528 -41.898811
v 0.000000 1495.844604 -37.192627
v -20.211418 1498.996094 -44.493526
v -3.561160 1481.284790 -41.100445
v -16.692278 1484.100098 -46.804604
v -7.700088 1481.526367 -42.087906
v -14.444232 1467.723022 -45.575527
v 0.000000 1481.011597 -40.900848
v -21.514027 1485.108643 -48.705994
v -4.895281 1465.527466 -43.085865
v -20.211418 1468.405884 -46.499954
v -9.643494 1466.010742 -43.516563
v -11.996592 1482.545410 -43.947273
v 0.000000 1465.338379 -42.854759
v -26.073151 1469.750488 -48.600933
v -6.040315 1449.528442 -42.466076
v -25.863052 1453.278687 -44.241402
v -12.154164 1451.083252 -42.802231
v -11.534376 1496.558960 -39.524712
v 0.000000 1450.200928 -42.255981
v -32.701740 1454.045654 -47.203781
v -47.082943 1505.404053 -88.971260
v -52.125294 1488.302124 -96.818405
v -60.340122 1470.895508 -104.529007
v -52.366905 1491.936768 -105.810593
v -62.010403 1476.337036 -113.552711
v -51.442474 1496.107178 -115.643181
v -59.457710 1479.793091 -122.219246
v -46.851837 1499.111572 -124.414772
v -53.690521 1482.240723 -131.158920
v -36.273403 1499.426758 -130.623169
v -42.933510 1483.291260 -137.262268
v -26.199211 1499.552734 -133.165344
v -31.766804 1483.658936 -140.644836
v 0.000000 1499.458252 -130.171463
v 0.000000 1482.156738 -140.109085
v -15.463207 1508.523926 25.805231
v -6.817677 1506.643555 27.906221
v -27.701410 1502.966919 -50.376266
v -30.842373 1487.965942 -52.865925
v -36.441483 1472.702271 -54.231556
v -42.345238 1458.121582 -60.597523
v -5.777693 1505.729614 12.495537
v -13.761414 1507.893799 9.186497
v 0.000000 1504.626587 13.756121
v -9.454407 1482.965576 -139.814957
v -7.174844 1500.057129 -132.839691
v -18.541140 1508.334961 -33.253288
v -13.897978 1507.189941 -30.038788
v -16.671270 1500.414185 -135.760071
v -20.064350 1483.207275 -139.993530
v -232.914551 1414.494629 -88.635086
v -217.430328 1409.284302 -57.004852
v -199.487976 1404.788208 -47.750038
v -167.185425 1394.587891 -32.171272
v -154.274902 1385.532715 -27.853758
v -145.240677 1374.513062 -23.788364
v -138.864212 1364.638428 -18.756517
v -133.905914 1353.576782 -12.043889
v -129.525375 1340.414062 -4.312293
v -124.346451 1326.243042 4.795460
v -185.831619 1420.461548 -41.993359
v -203.343277 1425.545776 -51.699879
v -219.394745 1429.842407 -87.847221
v -153.003815 1406.826050 -25.532185
v -139.252899 1397.025024 -20.048620
v -128.495880 1385.658691 -14.806678
v -120.711754 1375.059326 -8.797876
v -115.459312 1363.955566 -1.192334
v -111.509460 1350.961060 5.814429
v -107.496605 1336.779541 12.842206
v -166.418564 1434.685059 -39.157036
v -183.163361 1444.202515 -50.334240
v -194.645218 1450.453003 -87.363998
v -132.246140 1415.240479 -22.097084
v -115.165176 1404.357544 -15.279402
v -103.735847 1392.476440 -8.986971
v -95.405464 1381.477783 -2.610493
v -88.745361 1370.111450 4.480311
v -84.574921 1357.579224 10.373559
v -80.530533 1342.756714 17.075680
v -138.643616 1440.200195 -39.493191
v -148.612762 1449.318481 -52.771378
v -158.960083 1459.728760 -87.836723
v -105.721268 1419.883667 -21.613859
v -81.654556 1408.244263 -13.661649
v -75.519699 1393.694946 -6.161148
v -69.994118 1382.003052 0.330878
v -64.731163 1369.607300 5.730389
v -61.516670 1358.745239 10.552135
v -58.260151 1342.756714 17.317295
v -108.757187 1439.685425 -46.331879
v -115.837486 1444.822266 -59.799156
v -123.611107 1451.072632 -89.023773
v -82.074753 1426.449219 -27.065897
v 0.000000 1385.522217 -7.925975
v 0.000000 1375.090820 -3.860582
v 0.000000 1353.744873 4.501325
v 0.000000 1338.313232 10.867284
v -64.331978 1420.724121 -19.061165
v 245.000000 1321.699463 -56.927040
v -237.872864 1379.565918 -63.801514
v -220.697342 1374.964722 -57.319988
v -186.703506 1366.487305 -55.922836
v -173.446335 1360.194946 -60.629036
v -162.668304 1351.958984 -61.879120
v -154.831650 1342.746216 -60.376915
v -148.528717 1331.600586 -56.553135
v -141.868622 1317.860229 -50.680897
v -133.622269 1300.085815 -43.117367
v 245.000000 1371.435059 -66.955246
v 245.000000 1344.644043 -57.726955
v -232.116180 1356.371216 -56.962826
v -197.922745 1350.835083 -65.503311
v -185.337875 1345.950195 -81.407715
v -180.778763 1338.197632 -97.438187
v -160.042084 1332.451416 -95.116600
v -156.071243 1323.291138 -93.509354
v -152.720169 1310.307007 -90.977676
v -149.453156 1291.776489 -87.595093
v 245.000000 1315.767578 -146.291519
v 245.000000 1400.075073 -107.429260
v -240.520081 1343.502563 -55.880817
v -210.833252 1334.541870 -66.238647
v -198.059311 1331.148804 -81.859428
v -190.212158 1327.881836 -98.646248
v -241.349976 1403.107300 -89.359932
v -227.956253 1397.644897 -59.441986
v -209.446609 1392.991211 -52.225117
v -176.944458 1383.032593 -40.081455
v -165.052917 1375.027710 -37.644321
v -156.218307 1364.838013 -35.039108
v -149.011948 1355.488647 -31.089270
v -142.740524 1344.899780 -25.269556
v -136.500610 1332.167847 -17.369873
v -129.966568 1315.822266 -6.539325
v 245.000000 1384.832397 -126.065712
v -242.358459 1370.846802 -64.431808
v -225.529602 1366.770874 -57.887253
v -190.810928 1360.310425 -62.677486
v -176.219635 1352.263672 -75.945168
v -164.433136 1345.771606 -77.899086
v -157.216278 1338.019043 -77.184753
v -152.037354 1327.535156 -74.442970
v -147.215607 1313.479614 -69.873337
v -142.887604 1294.140137 -64.053627
v -229.132797 1413.223511 -70.608681
v -214.867126 1428.728760 -68.570740
v -192.018997 1449.391968 -68.098022
v -156.039719 1456.871460 -70.304047
v -120.365097 1449.223877 -74.957718
v 245.000000 1337.910034 -55.831444
v 245.000000 1300.989014 -145.324219
v 245.000000 1291.840332 -64.669586
v -238.429626 1401.531616 -72.688660
v 245.000000 1296.060425 -63.099323
v -34.939281 1439.559326 -37.833416
v -25.926083 1437.426880 -33.715496
v -56.684418 1444.759277 -62.950623
v -63.670177 1448.572510 -70.629700
v -68.723030 1451.692505 -79.432808
v -35.769169 1446.250977 -164.186310
v -16.923388 1444.360107 -159.858292
v 0.000000 1443.204590 -158.765778
v -54.446873 1447.364502 -162.883698
v -73.544777 1448.583130 -159.333038
v -92.632172 1451.577026 -152.641434
v -50.297440 1402.949829 -11.529158
v 0.000000 1316.904297 20.584322
v -7.416457 1319.866577 19.502314
v -11.849523 1344.605591 9.806288
v -25.905073 1411.931519 -15.426476
v -12.185678 1358.345947 4.249203
v -11.912552 1375.427002 -3.356339
v -105.710762 1452.123169 -144.783768
v -116.866959 1454.255737 -136.400864
v -124.987251 1456.451294 -126.326653
v -128.065186 1456.125610 -114.498146
v -128.159729 1456.167603 -101.745201
v -101.760925 1454.633911 -98.992920
v -104.082512 1457.291626 -109.581856
v -103.441711 1458.961914 -119.487976
v -98.630463 1458.636230 -128.721786
v -91.875816 1459.833862 -137.577393
v -80.036804 1461.819214 -146.538086
v -62.304539 1459.844238 -154.469284
v -45.843365 1459.571167 -157.158524
v 0.000000 1456.335693 -151.601440
v -14.234134 1457.690796 -153.345245
v -30.075518 1459.066895 -156.706818
v -24.896603 1471.473267 -148.681076
v -11.660435 1470.685425 -146.832214
v 0.000000 1469.739868 -143.397110
v -38.563473 1471.767334 -149.878647
v -51.894184 1471.431152 -146.989792
v -66.664070 1472.030029 -139.079605
v -75.393639 1470.097168 -130.234482
v -79.721649 1466.861694 -121.399864
v -11.649929 1386.488647 -7.379718
v -81.297386 1463.909668 -112.512718
v -80.782646 1462.302490 -103.457504
v -77.967339 1458.867432 -94.391777
v -26.587893 1388.179932 -6.759926
v -25.989113 1376.813599 -2.967656
v -26.094162 1399.315063 -11.508144
v -43.584812 1414.725830 -16.991703
v -16.881367 1436.386963 -32.570461
v -42.334728 1440.231689 -46.216324
v -73.040535 1454.696899 -86.092911
v -57.608849 1429.915894 -39.997421
v -22.953197 1424.568848 -21.865974
v -47.597683 1428.760376 -29.387482
v -35.601093 1426.680298 -23.462721
v -78.660660 1437.584473 -58.832703
v -86.360748 1441.408325 -66.942482
v -92.632172 1446.702759 -78.161713
v -97.937141 1451.661011 -88.614082
v -5.935266 1432.920166 -35.459312
v 0.000000 1433.403442 -36.919491
v -10.641459 1422.184204 -23.399687
v 0.000000 1422.856567 -27.706696
v -12.238203 1410.166626 -15.615564
v 0.000000 1409.294800 -16.529486
v -11.712959 1397.487305 -11.875820
v 0.000000 1396.720459 -11.728746
v -24.444893 1362.243286 3.671438
v -22.070786 1348.776001 9.302057
v -19.181940 1326.757812 18.042128
v -38.458424 1338.575806 15.752069
v -42.303215 1355.036987 9.302057
v -45.801346 1367.411743 4.028601
v -48.364540 1378.757080 -1.444456
v -50.717636 1389.892212 -5.751464
v -40.548897 1432.846680 -167.842010
v -18.772249 1430.367554 -164.564468
v 0.000000 1428.539795 -163.030762
v -62.188984 1434.916260 -166.255768
v -81.833138 1437.122314 -163.041275
v -100.710434 1440.126587 -157.872864
v -118.715828 1443.519775 -151.759003
v -135.082458 1448.488525 -144.342560
v -148.938400 1453.530884 -133.669586
v -157.846558 1459.413696 -119.908165
v -161.491760 1461.209961 -104.108810
v -41.767464 1418.959229 -169.995514
v -18.268013 1416.480103 -167.075150
v 0.000000 1414.778320 -166.119202
v -66.538010 1422.089722 -169.270676
v -86.402763 1424.558350 -167.558380
v -107.790741 1428.298096 -163.471970
v -131.395233 1433.340454 -158.377106
v -154.421967 1440.105591 -151.485886
v -174.801468 1445.126953 -140.277161
v -192.292114 1450.305908 -125.076576
v -197.418503 1451.156860 -106.251801
v -144.578873 1418.654663 -163.450958
v -134.094986 1400.533569 -168.535324
v -126.836105 1383.799316 -170.625793
v -116.541321 1332.556519 -172.989395
v -111.898148 1318.469482 -166.560410
v -105.469147 1302.428467 -156.811844
v -112.181778 1414.295044 -168.472305
v -109.324448 1398.117676 -172.632248
v -105.616219 1381.750854 -176.329956
v -93.335999 1334.100708 -169.963989
v -90.699272 1319.425415 -166.045654
v -86.696899 1303.731079 -159.784744
v -87.169624 1410.187622 -171.308624
v -85.520363 1394.787598 -174.239487
v -83.503418 1379.292725 -179.355362
v -72.693878 1335.634399 -163.577011
v -70.929054 1321.137695 -162.211380
v -69.185242 1304.644897 -159.858276
v -63.859264 1406.332397 -167.232727
v -61.275055 1391.100220 -164.837601
v -59.772858 1376.256836 -166.486877
v -55.497364 1335.802490 -166.518387
v -54.509903 1321.358276 -164.774567
v -53.501434 1305.086182 -162.274399
v -41.546864 1404.315552 -171.193069
v -41.011112 1388.652588 -170.321152
v -40.275768 1373.977295 -171.109024
v -38.132771 1335.518921 -166.844040
v -37.975197 1321.431885 -165.173752
v -37.859642 1305.296387 -162.442474
v -20.116875 1402.088501 -169.197128
v -20.768179 1386.814209 -170.142563
v -20.736664 1371.613770 -169.795914
v -20.547577 1336.149170 -165.846069
v -21.167364 1322.934082 -164.112762
v -21.251404 1305.002197 -161.570572
v 0.000000 1400.460083 -167.799988
v 0.000000 1385.375122 -168.220184
v 0.000000 1372.296631 -167.327255
v 0.000000 1336.863403 -163.135803
v 0.000000 1323.637817 -161.549561
v 0.000000 1304.770996 -158.324554
v -173.509369 1428.119507 -155.372696
v -195.863785 1431.113403 -143.575699
v -210.371033 1431.523071 -126.778366
v -219.867462 1429.999878 -107.701477
v -192.082016 1416.091309 -154.679367
v -211.558105 1417.352051 -143.397110
v -224.857300 1416.784790 -127.083008
v -233.838989 1415.566162 -108.090157
v -170.441925 1409.872559 -161.181900
v -155.451447 1397.770874 -164.543457
v -159.947556 1378.946045 -160.971802
v -150.188492 1329.573120 -146.779678
v -144.400299 1313.994385 -142.903381
v -139.011292 1299.056396 -138.333740
v -204.351730 1403.926758 -151.948090
v -221.432693 1405.239868 -141.474716
v -235.656326 1404.956299 -126.778366
v -242.106323 1404.630615 -107.680466
v -186.125748 1399.525146 -157.904358
v -170.904144 1390.837646 -160.583115
v -145.450790 1383.137573 -165.551926
v -158.329788 1318.721558 -129.982346
v -153.476517 1307.901489 -128.059952
v -148.119034 1294.770386 -124.940002
v -219.016556 1380.542847 -146.853226
v -234.143616 1383.925415 -138.197189
v 245.000000 1388.513184 -124.397346
v 245.000000 1292.551636 -144.689911
v -204.194168 1375.710571 -152.179199
v -191.147079 1368.514648 -154.448257
v -167.164413 1334.983154 -138.974548
v -167.784195 1329.152832 -127.534721
v -159.411804 1319.110352 -112.659782
v -155.514481 1307.891113 -111.252121
v -225.266968 1368.966553 -146.012833
v -240.036880 1371.886841 -136.821045
v 245.000000 1277.304199 -78.162674
v 245.000000 1391.755249 -80.214882
v -210.612656 1364.711914 -151.286285
v -198.216873 1359.627563 -152.452332
v -174.675400 1332.220337 -136.715988
v -173.950577 1328.585693 -125.969482
v -173.036636 1333.092285 -111.892921
v -232.914551 1354.763794 -144.300537
v 245.000000 1372.644775 -131.408279
v 245.000000 1362.079346 -136.884369
v 245.000000 1358.384888 -137.780884
v -219.772919 1351.055664 -147.641083
v -208.238556 1348.051270 -148.796631
v -183.741135 1326.169556 -134.856628
v -182.196915 1324.005493 -124.078598
v -180.631683 1329.846313 -111.945442
v -165.273529 1338.449707 -95.620842
v -242.505524 1339.027588 -143.449631
v 245.000000 1270.151001 -87.764481
v 245.000000 1269.330688 -133.473251
v 245.000000 1381.601318 -71.415512
v -230.908127 1334.678467 -147.000275
v -220.707870 1331.642578 -146.002319
v -194.130478 1316.399902 -132.146362
v -191.420212 1313.973389 -123.647903
v -190.012558 1322.072632 -110.695366
v -172.742508 1341.559204 -95.568314
v -166.964813 1331.789551 -112.439186
v -162.657806 1327.041504 -112.722809
v -160.105118 1334.415894 -142.041977
v -182.049850 1380.784424 -157.053482
v -163.193558 1325.728394 -129.015900
v -241.560074 1395.092163 -125.129097
v 245.000000 1394.907227 -116.077492
v -228.618057 1394.734985 -140.109070
v -212.398483 1392.276733 -149.101273
v -196.241959 1387.969849 -154.647858
v -215.781067 1383.410645 -55.450119
v -233.324249 1387.665161 -61.900127
v 245.000000 1317.474487 -145.905930
v -152.678162 1348.450317 -45.008255
v -160.483292 1357.925781 -47.760540
v -170.105774 1366.844482 -48.569412
v -182.386002 1373.210449 -48.285782
v -243.661057 1391.121216 -74.421967
v -131.741898 1309.456177 -22.076057
v -138.769669 1325.371094 -32.780556
v -145.849976 1337.735474 -40.081455
v -180.883804 1360.751709 -153.828461
v -188.016632 1354.186035 -150.939621
v -198.658096 1344.353516 -146.653625
v -211.841721 1328.764282 -145.256470
v -170.715057 1372.349121 -157.358124
v -151.291504 1292.637817 -109.130127
v -124.041809 1301.230957 -149.174805
v -129.346786 1317.166748 -155.215118
v -133.863892 1332.325317 -159.858276
v 245.000000 1268.836426 -132.884140
v 245.000000 1265.372192 -93.937920
v 245.000000 1263.456909 -127.149475
v -226.401520 1313.836792 -65.272194
v -214.089783 1311.010986 -78.918060
v -207.986435 1307.775513 -96.345680
v 245.000000 1339.936401 -141.977829
v 245.000000 1396.719727 -89.679306
v 245.000000 1335.578491 -143.158066
v 245.000000 1259.693237 -119.552559
v 245.000000 1314.401733 -57.376305
v -243.976196 1316.967163 -146.317459
v -234.637344 1313.133057 -145.571625
v -208.049454 1302.218384 -130.717697
v -206.158585 1301.230957 -121.641472
v -204.813950 1304.718506 -110.285675
v -226.023331 1309.592773 -144.972839
v 245.000000 1388.994385 -74.728088
v 245.000000 1367.087891 -64.016884
v 245.000000 1360.057861 -61.820133
v -242.326920 1295.096069 -64.620888
v -234.395752 1289.948608 -78.224731
v -226.758698 1285.757202 -96.188103
v 245.000000 1287.135010 -143.954727
v 245.000000 1257.467041 -108.737137
v 245.000000 1277.400635 -139.197266
v -224.195496 1282.616211 -129.530640
v -222.640762 1282.773804 -120.853600
v -222.126022 1282.511230 -110.632332
v -241.286957 1290.683960 -144.311035
v -242.516022 1268.382080 -94.129143
v -241.812180 1266.984985 -127.272087
v -239.606171 1265.839844 -119.582504
v -238.849808 1264.915527 -109.098625
v -84.774506 1261.774414 49.956013
v -82.631508 1261.532959 50.407722
v -80.751137 1260.513916 50.880447
v -79.417007 1258.896240 51.458210
v -78.839249 1256.910767 51.825893
v -79.112366 1254.862305 52.099018
v -80.215385 1253.066040 52.120029
v -81.980202 1251.784302 51.836388
v -84.123207 1251.227661 51.374184
v -86.276711 1251.469238 50.869942
v -88.157089 1252.477661 50.323681
v -89.438683 1254.105835 49.913998
v -89.974434 1256.091309 49.630371
v -89.690804 1258.139893 49.472794
v -88.587784 1259.946655 49.493797
v -86.875488 1261.217773 49.651371
v -84.679970 1259.568481 50.649338
v -83.440392 1259.421509 50.943474
v -82.347878 1258.833252 51.258621
v -81.570511 1257.898193 51.563267
v -81.234360 1256.742676 51.804882
v -81.391930 1255.545166 51.941441
v -82.032730 1254.494629 51.972961
v -83.072716 1253.759277 51.899429
v -84.312294 1253.433716 51.626293
v -85.572884 1253.570190 51.332157
v -86.665390 1254.158447 50.974995
v -87.400734 1255.103882 50.701859
v -87.705376 1256.259399 50.491764
v -87.526787 1257.457031 50.386723
v -86.885994 1258.496948 50.376217
v -85.898537 1259.242798 50.491764
v -85.026627 1268.045898 47.918064
v -80.656586 1267.541748 48.821484
v -76.811798 1265.482666 49.850971
v -74.101532 1262.184204 50.911968
v -72.935493 1258.139893 51.794373
v -73.492249 1253.958862 52.309113
v -75.708786 1250.292725 52.288097
v -79.290955 1247.697998 51.521252
v -83.629478 1246.552979 50.481258
v -87.978500 1247.057129 49.210167
v -91.844307 1249.116089 48.075638
v -94.533562 1252.414551 47.655445
v -95.615562 1256.469604 47.245750
v -95.037788 1260.640015 47.035656
v -92.800255 1264.306152 47.067177
v -89.302116 1266.911377 47.361313
v -83.408875 1282.132935 42.539555
v -74.248604 1281.240112 44.199326
v -66.212357 1277.353271 46.111210
v -60.560722 1271.071411 47.676460
v -58.228638 1263.350220 49.840466
v -59.510235 1255.356079 51.332157
v -64.247940 1248.317749 51.857403
v -71.832474 1243.306885 51.111557
v -80.772141 1241.069336 48.180691
v -89.900894 1241.972778 45.911633
v -97.338364 1246.153687 42.928234
v -103.336655 1252.141479 41.121395
v -105.469147 1259.873047 40.365040
v -104.198067 1267.867310 39.598194
v -99.617928 1274.895142 40.732712
v -92.285507 1279.906006 41.278957
v -80.982246 1304.781616 32.076668
v -65.802666 1304.455933 33.263729
v -51.263893 1297.417603 35.553791
v -40.969093 1285.599609 39.009899
v -38.101257 1272.100830 43.085812
v -40.191730 1259.253418 45.953648
v -46.967392 1247.960571 48.107159
v -58.701355 1238.285522 47.560898
v -76.192009 1234.566895 44.167820
v -91.235016 1235.879883 37.990944
v -104.880875 1241.374023 30.049238
v -114.083168 1252.141479 25.626682
v -115.721939 1266.596191 24.345085
v -114.135696 1279.401733 26.750692
v -107.097412 1290.683960 30.690031
v -95.489502 1300.947266 31.992628
v -79.343475 1316.883301 26.351501
v -61.233036 1315.380981 27.895727
v -44.645809 1308.101074 29.576502
v -29.886429 1293.467773 32.927570
v -24.907108 1277.048706 37.161041
v -27.953527 1260.030640 41.667652
v -38.563473 1245.029785 45.785580
v -52.230343 1234.966064 46.142742
v -74.070023 1229.640015 40.921806
v -92.999840 1231.593994 32.927582
v -107.475594 1238.453735 22.832378
v -119.440659 1251.868408 13.283422
v -120.312576 1270.388550 13.346450
v -121.426094 1291.009766 15.394894
v -112.286827 1302.953613 22.391163
v -98.598953 1312.124512 25.983831
v -78.040871 1331.915771 21.162086
v -59.100544 1330.066895 22.338629
v -40.317791 1320.959106 23.399626
v -17.889839 1301.714111 27.433510
v -12.952537 1280.504761 34.020073
v -15.505226 1259.011719 40.459587
v -28.615335 1239.483154 45.911633
v -47.345566 1228.421509 46.646973
v -72.967003 1221.866333 40.501614
v -97.422401 1223.021973 25.416574
v -111.540985 1234.556274 10.583667
v -117.812408 1252.866333 -1.507471
v -122.466072 1275.420288 0.908643
v -125.501991 1300.138306 4.301723
v -119.283089 1314.519531 14.554500
v -104.019478 1324.446777 19.806955
v -93.861244 1289.318359 36.940441
v -103.357674 1282.784302 35.795406
v -90.699272 1238.642700 42.781166
v -78.891769 1237.686768 46.426369
v -82.169296 1292.217651 38.085476
v -100.931038 1243.622070 37.150547
v -70.141190 1291.051636 39.797771
v -107.738205 1251.931396 35.039066
v -50.959251 1257.352051 49.504303
v -49.257454 1267.751709 47.046162
v -59.625790 1285.998779 41.982788
v -110.595551 1263.234741 32.864555
v -57.251682 1248.181152 50.733379
v -52.314381 1277.815430 44.272861
v -109.166870 1273.634521 32.885555
v -65.708122 1241.121826 50.124092
v 0.000000 1300.453491 26.971294
v 0.000000 1275.935059 35.081066
v 0.000000 1257.141846 41.426037
v 0.000000 1237.854858 47.329792
v -6.954241 1300.695190 27.244415
v -6.397481 1279.485718 34.114620
v -9.296833 1257.499023 41.089886
v -14.927458 1238.380127 46.657478
v -39.906475 1510.000000 -58.951176
v -48.995491 1510.000000 -111.625984
v 0.000000 1510.000000 -128.167740
v -15.702026 1510.000000 -132.270782
v -28.452835 1510.000000 -45.294266
v -31.395082 1510.000000 -49.646801
v -23.092203 1510.000000 -36.222679
v 43.111443 1510.000000 -66.724693
v 18.365526 1510.000000 24.191559
v 22.894991 1510.000000 -35.479836
v -43.111443 1510.000000 -66.724693
v 45.464748 1510.000000 -75.997406
v 48.565739 1510.000000 -99.448006
v 25.512102 1510.000000 -130.843750
v 19.723057 1510.000000 20.113361
v 5.996581 1510.000000 34.203300
v -45.464748 1510.000000 -75.997406
v -48.565739 1510.000000 -99.448006
v -25.512102 1510.000000 -130.843750
v -18.365526 1510.000000 24.191559
v -20.291908 1510.000000 13.569560
v -14.650367 1510.000000 -13.664825
v 47.085377 1510.000000 -87.217064
v 6.205259 1510.000000 -130.098755
v 20.291908 1510.000000 13.569560
v 15.932807 1510.000000 28.313847
v 19.919651 1510.000000 -29.639427
v -47.085377 1510.000000 -87.217064
v -25.865187 1510.000000 -40.923313
v 0.000000 1510.000000 35.661823
v 48.344200 1510.000000 -98.354248
v 36.187954 1510.000000 -128.424210
v 16.605736 1510.000000 -20.551401
v 23.092203 1510.000000 -36.222679
v -48.344200 1510.000000 -98.354248
v -36.187954 1510.000000 -128.424210
v -15.932807 1510.000000 28.313847
v -19.919651 1510.000000 -29.639427
v -22.894991 1510.000000 -35.479836
v -5.996581 1510.000000 34.203300
v -7.498292 1510.000000 33.738602
v 35.343082 1510.000000 -54.037430
v 15.702026 1510.000000 -132.270782
v 15.562323 1510.000000 -1.415112
v -35.343082 1510.000000 -54.037430
v -16.605736 1510.000000 -20.551401
v -15.559798 1510.000000 28.783562
v 45.372856 1510.000000 -122.047188
v 18.984962 1510.000000 6.595782
v -45.372856 1510.000000 -122.047188
v -6.205259 1510.000000 -130.098755
v -18.984962 1510.000000 6.595782
v -15.562323 1510.000000 -1.415112
v 38.837601 1510.000000 -57.918324
v 28.452835 1510.000000 -45.294266
v 7.498292 1510.000000 33.738602
v -38.837601 1510.000000 -57.918324
v -19.723057 1510.000000 20.113361
v 39.906475 1510.000000 -58.951176
v 48.995491 1510.000000 -111.625984
v 14.650367 1510.000000 -13.664825
v 31.395082 1510.000000 -49.646801
v 25.865187 1510.000000 -40.923313
v 15.559798 1510.000000 28.783562
v -49.992798 1442.668823 -54.305092
v -37.922672 1456.052002 -53.412178
v -31.630239 1470.695801 -51.017059
v -26.283249 1486.642334 -50.996056
v -24.045706 1500.876465 -47.792065
v -68.292328 1433.340454 -49.830009
v -97.485428 1433.434937 -36.625355
v -124.504021 1430.724854 -30.322416
v -149.043457 1425.535400 -30.028280
v -168.298935 1414.673218 -32.875103
v -182.701141 1400.880371 -38.967945
v -191.798386 1388.936279 -44.903202
v -197.197906 1378.757080 -50.281712
v -201.694000 1370.930908 -54.336597
v -206.137558 1364.008057 -56.668690
v -213.501495 1353.933960 -56.742226
v -225.655655 1338.974976 -57.341003
v -241.024323 1320.097656 -57.414536
v -121.898811 1367.590332 -170.972458
v -101.708405 1364.880127 -177.086304
v -80.414978 1364.228638 -178.304871
v -58.249645 1362.327393 -167.568863
v -39.498405 1360.930298 -170.321152
v -19.896273 1359.564575 -168.755936
v 0.000000 1360.447021 -165.783035
v -153.119354 1365.048218 -159.417068
v -173.561890 1353.114624 -151.034164
v -182.144379 1346.633057 -147.861694
v -191.483246 1338.911987 -144.636688
v -203.311752 1324.971924 -144.531631
v -163.970917 1360.205322 -154.815933
v -139.368454 1367.233154 -164.953156
v -218.648895 1306.830078 -142.010468
v -234.353729 1287.553467 -140.130081
v -118.841881 1349.889526 -170.384186
v -97.149277 1348.860107 -173.714233
v -76.128975 1349.711060 -170.636307
v -56.694920 1349.101685 -167.442810
v -38.710541 1348.355835 -168.881989
v -20.337479 1348.093262 -167.421799
v 0.000000 1348.849609 -165.005676
v -149.999405 1348.912598 -155.372696
v -168.782150 1344.269531 -146.506546
v -177.133560 1339.531738 -143.859329
v -186.671997 1332.230835 -141.695312
v -197.534058 1321.452759 -139.384232
v -160.199661 1347.694092 -150.204269
v -212.808182 1305.107178 -136.075195
v -228.670578 1285.000732 -134.709549
v -136.101440 1349.868530 -162.936218
v -134.294586 1281.345093 -36.299686
v -144.830994 1271.859253 -83.172531
v -140.481964 1272.437012 -57.687660
v -101.141136 1284.895752 -152.284241
v -83.345840 1286.450562 -155.351685
v -67.105278 1286.881226 -157.116486
v -52.030746 1286.755127 -159.122940
v -37.208340 1286.597534 -160.730194
v -20.915247 1286.040894 -158.261520
v 0.000000 1284.454590 -155.152069
v -131.521286 1281.219116 -132.219894
v -140.271866 1277.794434 -120.107750
v -144.652405 1274.495972 -104.917671
v -117.791397 1283.026001 -142.661758
v -133.223099 1263.822998 -33.337307
v -139.778152 1250.513184 -78.224724
v -137.582626 1253.139526 -54.620228
v -95.100822 1265.440674 -143.512650
v -79.322472 1267.174072 -149.258835
v -63.995827 1267.310547 -152.200195
v -50.349964 1267.026978 -156.328629
v -35.811192 1267.121460 -157.421127
v -18.415083 1267.268555 -153.471283
v 0.000000 1265.766357 -150.845062
v -124.934723 1260.713501 -125.822411
v -132.708344 1256.795166 -114.077927
v -137.498581 1253.496704 -98.551697
v -111.982185 1262.677856 -135.760040
v -130.523331 1241.079834 -29.839180
v -134.031967 1228.022217 -72.468048
v -134.336609 1230.238770 -50.533813
v -89.774841 1241.888672 -137.629913
v -75.141525 1244.136841 -143.239532
v -61.191017 1244.578003 -148.008759
v -48.280502 1244.767090 -152.158188
v -33.741726 1246.237793 -152.305252
v -17.816303 1245.891113 -149.405899
v 0.000000 1243.390991 -144.605164
v -118.011993 1236.005981 -120.233803
v -126.468437 1233.169678 -108.899017
v -131.059082 1230.564453 -92.458862
v -105.269562 1238.464233 -129.772247
v -127.424393 1214.807129 -25.826302
v -129.577896 1204.648926 -65.314201
v -131.006561 1207.285645 -45.638535
v -83.608467 1215.206299 -133.291397
v -70.183212 1217.475342 -138.386261
v -57.566826 1218.683472 -142.504181
v -45.433674 1219.565918 -145.697662
v -30.947424 1219.912476 -144.678696
v -16.387638 1221.341187 -144.626175
v 0.000000 1221.078491 -142.062988
v -110.721603 1209.974854 -113.857330
v -118.085533 1207.737305 -97.637772
v -124.419983 1205.184692 -83.802818
v -97.926643 1212.180908 -124.845444
v -126.184807 1189.217163 -20.920515
v -122.980812 1180.172485 -59.914692
v -128.642944 1182.924805 -40.049931
v -78.797226 1190.540771 -129.509628
v -66.233368 1191.833008 -133.816635
v -54.593941 1192.872925 -137.062653
v -42.870480 1194.049438 -138.858978
v -30.453693 1194.175537 -140.151093
v -17.070456 1193.282593 -138.596359
v 0.000000 1192.200562 -138.081619
v -103.683319 1184.899780 -104.865135
v -112.360367 1182.725220 -91.460892
v -119.167542 1180.792236 -77.037666
v -92.275009 1187.946045 -120.843079
v -125.249870 1163.207153 -19.365789
v -122.959808 1157.860107 -58.044815
v -126.415916 1159.393799 -38.253597
v -77.326538 1166.852295 -124.309692
v -65.214394 1168.890259 -130.486572
v -53.732540 1170.161377 -134.741058
v -41.641407 1170.245361 -135.875580
v -29.329668 1169.909180 -135.697006
v -16.587231 1168.585571 -135.318817
v 0.000000 1169.089844 -133.291382
v -100.017113 1161.452759 -100.684189
v -110.017769 1159.194214 -88.393456
v -116.677879 1157.334839 -74.033264
v -88.965958 1163.847900 -113.227028
v -126.794090 1138.510132 -21.267172
v -124.703621 1136.818848 -60.460938
v -126.867630 1137.175903 -40.302040
v -76.633217 1144.634521 -121.168732
v -64.521072 1147.071533 -128.164993
v -52.745079 1148.500244 -132.125336
v -41.326260 1148.783813 -134.415405
v -29.550272 1147.544312 -134.972168
v -17.196514 1147.019043 -135.539429
v 0.000000 1146.105103 -134.341873
v -97.821594 1139.718140 -97.658775
v -108.746681 1137.764160 -87.048828
v -117.644325 1136.219971 -75.262337
v -87.978500 1142.323364 -109.833946
v -127.781555 1120.515137 -25.773767
v -125.901176 1119.202026 -64.106140
v -129.325775 1120.441650 -44.461979
v -76.654228 1125.442017 -118.059280
v -64.983284 1128.089233 -127.629242
v -53.312344 1129.517944 -132.808151
v -42.009079 1129.643921 -135.287308
v -30.863384 1128.320312 -136.358810
v -18.120945 1126.818115 -136.264267
v 0.000000 1126.597534 -135.844070
v -101.183151 1122.069824 -99.917328
v -111.824615 1120.588623 -90.063736
v -120.995392 1119.338623 -79.275208
v -88.335670 1123.845215 -108.878006
v -132.718842 1092.866211 -31.593483
v -133.853378 1095.208862 -69.757774
v -135.996384 1094.158447 -50.470783
v -49.919266 1087.109619 32.192253
v -78.996811 1111.060669 -119.824097
v -66.432961 1113.371826 -127.503189
v -54.383846 1114.327759 -133.112793
v -43.112091 1113.918091 -136.789520
v -30.705809 1112.384399 -139.993500
v -17.711254 1110.356934 -141.012482
v 0.000000 1108.360962 -139.100586
v -12.469311 1090.019531 37.560257
v -118.999458 1095.881104 -97.847862
v -127.792061 1095.713135 -85.357536
v -95.804649 1096.879150 -116.515060
v -138.160385 1082.161743 -73.140343
v -141.028229 1080.848633 -52.813374
v -29.655321 1088.737793 36.110580
v -84.669456 1084.724976 -129.162964
v -70.445831 1085.985596 -135.024689
v -56.999561 1086.878418 -139.342209
v -44.173088 1087.214722 -142.577713
v -31.504183 1087.445801 -146.464523
v -17.059952 1087.582397 -147.462479
v 0.000000 1086.300659 -142.819321
v -122.518608 1082.613525 -101.713654
v -133.254593 1082.592407 -89.160309
v -98.893089 1083.422363 -122.103661
v -128.916092 1290.032715 -17.937130
v -124.871689 1270.556641 -16.151297
v -123.243439 1249.000610 -14.008299
v -117.644325 1194.501099 -3.955105
v -120.942863 1223.925415 -8.136058
v 0.000000 1092.971313 36.110580
v 0.000000 1195.929932 53.727268
v 0.000000 1140.253906 45.302349
v -72.977509 1202.863037 42.150883
v -94.407501 1197.663208 27.675138
v -115.207184 1090.681274 3.156713
v -13.845452 1139.823242 45.995674
v -14.013531 1193.923462 54.704224
v -30.968433 1136.472046 44.588009
v -71.443802 1176.348633 39.062443
v -91.812790 1170.423950 25.784256
v -111.047256 1119.275635 6.371206
v -50.402489 1132.459351 39.734756
v -15.620780 1220.248657 52.582245
v -50.244919 1156.578491 45.207802
v -72.452271 1145.264771 37.612766
v -91.812790 1139.392578 23.242064
v -108.032341 1138.951294 9.480658
v -31.388628 1162.860474 49.609356
v 0.000000 1219.639404 52.130535
v -14.181610 1166.600220 51.258621
v -71.706421 1124.811646 31.582956
v -93.472565 1119.370117 19.996050
v -107.086906 1167.860840 11.886277
v 0.000000 1168.154907 50.481258
v -48.763725 1210.825806 50.754391
v -30.863384 1190.236084 54.031914
v -72.872467 1087.991943 25.185490
v -96.424438 1089.042480 15.689054
v -107.412567 1198.051758 11.938798
v -49.866741 1184.405884 50.344696
v -31.651249 1216.529907 52.645275
v -117.560287 1166.001343 -2.694521
v -121.562653 1138.856689 -4.228240
v -125.680580 1121.061401 -7.778895
v -128.684982 1092.330566 -12.590128
v -108.893745 1095.996826 -107.848518
v -123.590096 1107.489136 -82.804848
v -114.955078 1107.741211 -93.771957
v -129.914047 1105.923828 -29.040794
v -131.983505 1106.491211 -47.623951
v -129.882538 1107.152954 -66.606300
v -92.915810 1109.653198 -112.596733
v -43.973492 1100.650391 -139.352707
v -31.619736 1099.894043 -142.493668
v -17.532671 1099.116699 -144.342529
v 0.000000 1097.068237 -140.865417
v -81.906670 1098.244751 -123.700409
v -68.586464 1099.620972 -129.740723
v -13.908483 1110.945190 40.386055
v -55.980587 1100.902466 -136.285263
v -127.382362 1106.144409 -10.573185
v 0.000000 1113.056763 39.041431
v -50.707130 1107.867310 34.902504
v -29.781378 1109.695068 39.135979
v -71.706421 1105.955444 28.357969
v -94.827698 1104.148560 18.336288
v -113.768013 1105.030884 4.848006
v -105.290573 1108.371460 -104.003731
v -111.971680 1082.203857 -111.462204
v 0.000000 1509.364502 35.165096
v -7.048785 1507.830688 30.826578
v -15.536741 1509.795044 28.547014
v 0.000000 1506.874756 31.866560
v 6.702124 1505.939819 25.353521
v 15.158565 1507.925293 22.947903
v 6.197888 1505.887329 19.649368
v 14.465242 1507.799194 16.613451
v 44.036522 1498.386719 -72.236946
v 45.454685 1501.128540 -79.947548
v 48.133434 1480.959106 -80.787941
v 50.717636 1484.814453 -88.656113
v 55.865032 1466.640991 -88.151863
v 57.220169 1467.933105 -96.009529
v 35.222916 1507.505127 -55.250538
v 38.910133 1492.588135 -59.294926
v 41.441814 1495.308838 -65.293213
v 42.880985 1477.156372 -66.543304
v 46.169018 1478.952637 -73.318954
v 50.444508 1463.216431 -74.411469
v 52.745079 1464.445435 -80.451782
v 30.821363 1504.679199 -52.603302
v 34.718681 1490.014404 -55.387108
v 39.235786 1474.782227 -60.418941
v 47.103951 1460.453613 -66.868950
v 5.903751 1506.612061 3.440317
v 13.005061 1508.975708 -0.204886
v 5.462546 1507.105835 -9.312627
v 11.586900 1508.639526 -12.085922
v 3.970850 1505.572144 -26.351570
v 8.561490 1506.422974 -27.958817
v 22.732594 1509.784668 -35.847996
v 3.004400 1495.949585 -37.287167
v 16.061985 1497.388794 -41.604683
v 6.859697 1496.317261 -38.463715
v 18.961336 1451.566528 -41.898811
v 20.211418 1498.996094 -44.493526
v 3.561160 1481.284790 -41.100445
v 16.692278 1484.100098 -46.804604
v 7.700088 1481.526367 -42.087906
v 14.444232 1467.723022 -45.575527
v 21.514027 1485.108643 -48.705994
v 4.895281 1465.527466 -43.085865
v 20.211418 1468.405884 -46.499954
v 9.643494 1466.010742 -43.516563
v 11.996592 1482.545410 -43.947273
v 26.073151 1469.750488 -48.600933
v 6.040315 1449.528442 -42.466076
v 25.863052 1453.278687 -44.241402
v 12.154164 1451.083252 -42.802231
v 11.534376 1496.558960 -39.524712
v 32.701740 1454.045654 -47.203781
v 47.082943 1505.404053 -88.971260
v 52.125294 1488.302124 -96.818405
v 60.340122 1470.895508 -104.529007
v 52.366905 1491.936768 -105.810593
v 62.010403 1476.337036 -113.552711
v 51.442474 1496.107178 -115.643181
v 59.457710 1479.793091 -122.219246
v 46.851837 1499.111572 -124.414772
v 53.690521 1482.240723 -131.158920
v 36.273403 1499.426758 -130.623169
v 42.933510 1483.291260 -137.262268
v 26.199211 1499.552734 -133.165344
v 31.766804 1483.658936 -140.644836
v 15.463207 1508.523926 25.805231
v 6.817677 1506.643555 27.906221
v 27.701410 1502.966919 -50.376266
v 30.842373 1487.965942 -52.865925
v 36.441483 1472.702271 -54.231556
v 42.345238 1458.121582 -60.597523
v 5.777693 1505.729614 12.495537
v 13.761414 1507.893799 9.186497
v 9.454407 1482.965576 -139.814957
v 7.174844 1500.057129 -132.839691
v 18.541140 1508.334961 -33.253288
v 13.897978 1507.189941 -30.038788
v 16.671270 1500.414185 -135.760071
v 20.064350 1483.207275 -139.993530
v 232.914551 1414.494629 -88.635086
v 217.430328 1409.284302 -57.004852
v 199.487976 1404.788208 -47.750038
v 167.185425 1394.587891 -32.171272
v 154.274902 1385.532715 -27.853758
v 145.240677 1374.513062 -23.788364
v 138.864212 1364.638428 -18.756517
v 133.905914 1353.576782 -12.043889
v 129.525375 1340.414062 -4.312293
v 124.346451 1326.243042 4.795460
v 185.831619 1420.461548 -41.993359
v 203.343277 1425.545776 -51.699879
v 219.394745 1429.842407 -87.847221
v 153.003815 1406.826050 -25.532185
v 139.252899 1397.025024 -20.048620
v 128.495880 1385.658691 -14.806678
v 120.711754 1375.059326 -8.797876
v 115.459312 1363.955566 -1.192334
v 111.509460 1350.961060 5.814429
v 107.496605 1336.779541 12.842206
v 166.418564 1434.685059 -39.157036
v 183.163361 1444.202515 -50.334240
v 194.645218 1450.453003 -87.363998
v 132.246140 1415.240479 -22.097084
v 115.165176 1404.357544 -15.279402
v 103.735847 1392.476440 -8.986971
v 95.405464 1381.477783 -2.610493
v 88.745361 1370.111450 4.480311
v 84.574921 1357.579224 10.373559
v 80.530533 1342.756714 17.075680
v 138.643616 1440.200195 -39.493191
v 148.612762 1449.318481 -52.771378
v 158.960083 1459.728760 -87.836723
v 105.721268 1419.883667 -21.613859
v 81.654556 1408.244263 -13.661649
v 75.519699 1393.694946 -6.161148
v 69.994118 1382.003052 0.330878
v 64.731163 1369.607300 5.730389
v 61.516670 1358.745239 10.552135
v 58.260151 1342.756714 17.317295
v 108.757187 1439.685425 -46.331879
v 115.837486 1444.822266 -59.799156
v 123.611107 1451.072632 -89.023773
v 82.074753 1426.449219 -27.065897
v 64.331978 1420.724121 -19.061165
v 237.872864 1379.565918 -63.801514
v 220.697342 1374.964722 -57.319988
v 186.703506 1366.487305 -55.922836
v 173.446335 1360.194946 -60.629036
v 162.668304 1351.958984 -61.879120
v 154.831650 1342.746216 -60.376915
v 148.528717 1331.600586 -56.553135
v 141.868622 1317.860229 -50.680897
v 133.622269 1300.085815 -43.117367
v 232.116180 1356.371216 -56.962826
v 197.922745 1350.835083 -65.503311
v 185.337875 1345.950195 -81.407715
v 180.778763 1338.197632 -97.438187
v 160.042084 1332.451416 -95.116600
v 156.071243 1323.291138 -93.509354
v 152.720169 1310.307007 -90.977676
v 149.453156 1291.776489 -87.595093
v 240.520081 1343.502563 -55.880817
v 210.833252 1334.541870 -66.238647
v 198.059311 1331.148804 -81.859428
v 190.212158 1327.881836 -98.646248
v 241.349976 1403.107300 -89.359932
v 227.956253 1397.644897 -59.441986
v 209.446609 1392.991211 -52.225117
v 176.944458 1383.032593 -40.081455
v 165.052917 1375.027710 -37.644321
v 156.218307 1364.838013 -35.039108
v 149.011948 1355.488647 -31.089270
v 142.740524 1344.899780 -25.269556
v 136.500610 1332.167847 -17.369873
v 129.966568 1315.822266 -6.539325
v 242.358459 1370.846802 -64.431808
v 225.529602 1366.770874 -57.887253
v 190.810928 1360.310425 -62.677486
v 176.219635 1352.263672 -75.945168
v 164.433136 1345.771606 -77.899086
v 157.216278 1338.019043 -77.184753
v 152.037354 1327.535156 -74.442970
v 147.215607 1313.479614 -69.873337
v 142.887604 1294.140137 -64.053627
v 229.132797 1413.223511 -70.608681
v 214.867126 1428.728760 -68.570740
v 192.018997 1449.391968 -68.098022
v 156.039719 1456.871460 -70.304047
v 120.365097 1449.223877 -74.957718
v 238.429626 1401.531616 -72.688660
v 34.939281 1439.559326 -37.833416
v 25.926083 1437.426880 -33.715496
v 56.684418 1444.759277 -62.950623
v 63.670177 1448.572510 -70.629700
v 68.723030 1451.692505 -79.432808
v 35.769169 1446.250977 -164.186310
v 16.923388 1444.360107 -159.858292
v 54.446873 1447.364502 -162.883698
v 73.544777 1448.583130 -159.333038
v 92.632172 1451.577026 -152.641434
v 50.297440 1402.949829 -11.529158
v 7.416457 1319.866577 19.502314
v 11.849523 1344.605591 9.806288
v 25.905073 1411.931519 -15.426476
v 12.185678 1358.345947 4.249203
v 11.912552 1375.427002 -3.356339
v 105.710762 1452.123169 -144.783768
v 116.866959 1454.255737 -136.400864
v 124.987251 1456.451294 -126.326653
v 128.065186 1456.125610 -114.498146
v 128.159729 1456.167603 -101.745201
v 101.760925 1454.633911 -98.992920
v 104.082512 1457.291626 -109.581856
v 103.441711 1458.961914 -119.487976
v 98.630463 1458.636230 -128.721786
v 91.875816 1459.833862 -137.577393
v 80.036804 1461.819214 -146.538086
v 62.304539 1459.844238 -154.469284
v 45.843365 1459.571167 -157.158524
v 14.234134 1457.690796 -153.345245
v 30.075518 1459.066895 -156.706818
v 24.896603 1471.473267 -148.681076
v 11.660435 1470.685425 -146.832214
v 38.563473 1471.767334 -149.878647
v 51.894184 1471.431152 -146.989792
v 66.664070 1472.030029 -139.079605
v 75.393639 1470.097168 -130.234482
v 79.721649 1466.861694 -121.399864
v 11.649929 1386.488647 -7.379718
v 81.297386 1463.909668 -112.512718
v 80.782646 1462.302490 -103.457504
v 77.967339 1458.867432 -94.391777
v 26.587893 1388.179932 -6.759926
v 25.989113 1376.813599 -2.967656
v 26.094162 1399.315063 -11.508144
v 43.584812 1414.725830 -16.991703
v 16.881367 1436.386963 -32.570461
v 42.334728 1440.231689 -46.216324
v 73.040535 1454.696899 -86.092911
v 57.608849 1429.915894 -39.997421
v 22.953197 1424.568848 -21.865974
v 47.597683 1428.760376 -29.387482
v 35.601093 1426.680298 -23.462721
v 78.660660 1437.584473 -58.832703
v 86.360748 1441.408325 -66.942482
v 92.632172 1446.702759 -78.161713
v 97.937141 1451.661011 -88.614082
v 5.935266 1432.920166 -35.459312
v 10.641459 1422.184204 -23.399687
v 12.238203 1410.166626 -15.615564
v 11.712959 1397.487305 -11.875820
v 24.444893 1362.243286 3.671438
v 22.070786 1348.776001 9.302057
v 19.181940 1326.757812 18.042128
v 38.458424 1338.575806 15.752069
v 42.303215 1355.036987 9.302057
v 45.801346 1367.411743 4.028601
v 48.364540 1378.757080 -1.444456
v 50.717636 1389.892212 -5.751464
v 40.548897 1432.846680 -167.842010
v 18.772249 1430.367554 -164.564468
v 62.188984 1434.916260 -166.255768
v 81.833138 1437.122314 -163.041275
v 100.710434 1440.126587 -157.872864
v 118.715828 1443.519775 -151.759003
v 135.082458 1448.488525 -144.342560
v 148.938400 1453.530884 -133.669586
v 157.846558 1459.413696 -119.908165
v 161.491760 1461.209961 -104.108810
v 41.767464 1418.959229 -169.995514
v 18.268013 1416.480103 -167.075150
v 66.538010 1422.089722 -169.270676
v 86.402763 1424.558350 -167.558380
v 107.790741 1428.298096 -163.471970
v 131.395233 1433.340454 -158.377106
v 154.421967 1440.105591 -151.485886
v 174.801468 1445.126953 -140.277161
v 192.292114 1450.305908 -125.076576
v 197.418503 1451.156860 -106.251801
v 144.578873 1418.654663 -163.450958
v 134.094986 1400.533569 -168.535324
v 126.836105 1383.799316 -170.625793
v 116.541321 1332.556519 -172.989395
v 111.898148 1318.469482 -166.560410
v 105.469147 1302.428467 -156.811844
v 112.181778 1414.295044 -168.472305
v 109.324448 1398.117676 -172.632248
v 105.616219 1381.750854 -176.329956
v 93.335999 1334.100708 -169.963989
v 90.699272 1319.425415 -166.045654
v 86.696899 1303.731079 -159.784744
v 87.169624 1410.187622 -171.308624
v 85.520363 1394.787598 -174.239487
v 83.503418 1379.292725 -179.355362
v 72.693878 1335.634399 -163.577011
v 70.929054 1321.137695 -162.211380
v 69.185242 1304.644897 -159.858276
v 63.859264 1406.332397 -167.232727
v 61.275055 1391.100220 -164.837601
v 59.772858 1376.256836 -166.486877
v 55.497364 1335.802490 -166.518387
v 54.509903 1321.358276 -164.774567
v 53.501434 1305.086182 -162.274399
v 41.546864 1404.315552 -171.193069
v 41.011112 1388.652588 -170.321152
v 40.275768 1373.977295 -171.109024
v 38.132771 1335.518921 -166.844040
v 37.975197 1321.431885 -165.173752
v 37.859642 1305.296387 -162.442474
v 20.116875 1402.088501 -169.197128
v 20.768179 1386.814209 -170.142563
v 20.736664 1371.613770 -169.795914
v 20.547577 1336.149170 -165.846069
v 21.167364 1322.934082 -164.112762
v 21.251404 1305.002197 -161.570572
v 173.509369 1428.119507 -155.372696
v 195.863785 1431.113403 -143.575699
v 210.371033 1431.523071 -126.778366
v 219.867462 1429.999878 -107.701477
v 192.082016 1416.091309 -154.679367
v 211.558105 1417.352051 -143.397110
v 224.857300 1416.784790 -127.083008
v 233.838989 1415.566162 -108.090157
v 170.441925 1409.872559 -161.181900
v 155.451447 1397.770874 -164.543457
v 159.947556 1378.946045 -160.971802
v 150.188492 1329.573120 -146.779678
v 144.400299 1313.994385 -142.903381
v 139.011292 1299.056396 -138.333740
v 204.351730 1403.926758 -151.948090
v 221.432693 1405.239868 -141.474716
v 235.656326 1404.956299 -126.778366
v 242.106323 1404.630615 -107.680466
v 186.125748 1399.525146 -157.904358
v 170.904144 1390.837646 -160.583115
v 145.450790 1383.137573 -165.551926
v 158.329788 1318.721558 -129.982346
v 153.476517 1307.901489 -128.059952
v 148.119034 1294.770386 -124.940002
v 219.016556 1380.542847 -146.853226
v 234.143616 1383.925415 -138.197189
v 204.194168 1375.710571 -152.179199
v 191.147079 1368.514648 -154.448257
v 167.164413 1334.983154 -138.974548
v 167.784195 1329.152832 -127.534721
v 159.411804 1319.110352 -112.659782
v 155.514481 1307.891113 -111.252121
v 225.266968 1368.966553 -146.012833
v 240.036880 1371.886841 -136.821045
v 210.612656 1364.711914 -151.286285
v 198.216873 1359.627563 -152.452332
v 174.675400 1332.220337 -136.715988
v 173.950577 1328.585693 -125.969482
v 173.036636 1333.092285 -111.892921
v 232.914551 1354.763794 -144.300537
v 219.772919 1351.055664 -147.641083
v 208.238556 1348.051270 -148.796631
v 183.741135 1326.169556 -134.856628
v 182.196915 1324.005493 -124.078598
v 180.631683 1329.846313 -111.945442
v 165.273529 1338.449707 -95.620842
v 242.505524 1339.027588 -143.449631
v 230.908127 1334.678467 -147.000275
v 220.707870 1331.642578 -146.002319
v 194.130478 1316.399902 -132.146362
v 191.420212 1313.973389 -123.647903
v 190.012558 1322.072632 -110.695366
v 172.742508 1341.559204 -95.568314
v 166.964813 1331.789551 -112.439186
v 162.657806 1327.041504 -112.722809
v 160.105118 1334.415894 -142.041977
v 182.049850 1380.784424 -157.053482
v 163.193558 1325.728394 -129.015900
v 241.560074 1395.092163 -125.129097
v 228.618057 1394.734985 -140.109070
v 212.398483 1392.276733 -149.101273
v 196.241959 1387.969849 -154.647858
v 215.781067 1383.410645 -55.450119
v 233.324249 1387.665161 -61.900127
v 152.678162 1348.450317 -45.008255
v 160.483292 1357.925781 -47.760540
v 170.105774 1366.844482 -48.569412
v 182.386002 1373.210449 -48.285782
v 243.661057 1391.121216 -74.421967
v 131.741898 1309.456177 -22.076057
v 138.769669 1325.371094 -32.780556
v 145.849976 1337.735474 -40.081455
v 180.883804 1360.751709 -153.828461
v 188.016632 1354.186035 -150.939621
v 198.658096 1344.353516 -146.653625
v 211.841721 1328.764282 -145.256470
v 170.715057 1372.349121 -157.358124
v 151.291504 1292.637817 -109.130127
v 124.041809 1301.230957 -149.174805
v 129.346786 1317.166748 -155.215118
v 133.863892 1332.325317 -159.858276
v 226.401520 1313.836792 -65.272194
v 214.089783 1311.010986 -78.918060
v 207.986435 1307.775513 -96.345680
v 243.976196 1316.967163 -146.317459
v 234.637344 1313.133057 -145.571625
v 208.049454 1302.218384 -130.717697
v 206.158585 1301.230957 -121.641472
v 204.813950 1304.718506 -110.285675
v 226.023331 1309.592773 -144.972839
v 242.326920 1295.096069 -64.620888
v 234.395752 1289.948608 -78.224731
v 226.758698 1285.757202 -96.188103
v 224.195496 1282.616211 -129.530640
v 222.640762 1282.773804 -120.853600
v 222.126022 1282.511230 -110.632332
v 241.286957 1290.683960 -144.311035
v 242.516022 1268.382080 -94.129143
v 241.812180 1266.984985 -127.272087
v 239.606171 1265.839844 -119.582504
v 238.849808 1264.915527 -109.098625
v 84.774506 1261.774414 49.956013
v 82.631508 1261.532959 50.407722
v 80.751137 1260.513916 50.880447
v 79.417007 1258.896240 51.458210
v 78.839249 1256.910767 51.825893
v 79.112366 1254.862305 52.099018
v 80.215385 1253.066040 52.120029
v 81.980202 1251.784302 51.836388
v 84.123207 1251.227661 51.374184
v 86.276711 1251.469238 50.869942
v 88.157089 1252.477661 50.323681
v 89.438683 1254.105835 49.913998
v 89.974434 1256.091309 49.630371
v 89.690804 1258.139893 49.472794
v 88.587784 1259.946655 49.493797
v 86.875488 1261.217773 49.651371
v 84.679970 1259.568481 50.649338
v 83.440392 1259.421509 50.943474
v 82.347878 1258.833252 51.258621
v 81.570511 1257.898193 51.563267
v 81.234360 1256.742676 51.804882
v 81.391930 1255.545166 51.941441
v 82.032730 1254.494629 51.972961
v 83.072716 1253.759277 51.899429
v 84.312294 1253.433716 51.626293
v 85.572884 1253.570190 51.332157
v 86.665390 1254.158447 50.974995
v 87.400734 1255.103882 50.701859
v 87.705376 1256.259399 50.491764
v 87.526787 1257.457031 50.386723
v 86.885994 1258.496948 50.376217
v 85.898537 1259.242798 50.491764
v 85.026627 1268.045898 47.918064
v 80.656586 1267.541748 48.821484
v 76.811798 1265.482666 49.850971
v 74.101532 1262.184204 50.911968
v 72.935493 1258.139893 51.794373
v 73.492249 1253.958862 52.309113
v 75.708786 1250.292725 52.288097
v 79.290955 1247.697998 51.521252
v 83.629478 1246.552979 50.481258
v 87.978500 1247.057129 49.210167
v 91.844307 1249.116089 48.075638
v 94.533562 1252.414551 47.655445
v 95.615562 1256.469604 47.245750
v 95.037788 1260.640015 47.035656
v 92.800255 1264.306152 47.067177
v 89.302116 1266.911377 47.361313
v 83.408875 1282.132935 42.539555
v 74.248604 1281.240112 44.199326
v 66.212357 1277.353271 46.111210
v 60.560722 1271.071411 47.676460
v 58.228638 1263.350220 49.840466
v 59.510235 1255.356079 51.332157
v 64.247940 1248.317749 51.857403
v 71.832474 1243.306885 51.111557
v 80.772141 1241.069336 48.180691
v 89.900894 1241.972778 45.911633
v 97.338364 1246.153687 42.928234
v 103.336655 1252.141479 41.121395
v 105.469147 1259.873047 40.365040
v 104.198067 1267.867310 39.598194
v 99.617928 1274.895142 40.732712
v 92.285507 1279.906006 41.278957
v 80.982246 1304.781616 32.076668
v 65.802666 1304.455933 33.263729
v 51.263893 1297.417603 35.553791
v 40.969093 1285.599609 39.009899
v 38.101257 1272.100830 43.085812
v 40.191730 1259.253418 45.953648
v 46.967392 1247.960571 48.107159
v 58.701355 1238.285522 47.560898
v 76.192009 1234.566895 44.167820
v 91.235016 1235.879883 37.990944
v 104.880875 1241.374023 30.049238
v 114.083168 1252.141479 25.626682
v 115.721939 1266.596191 24.345085
v 114.135696 1279.401733 26.750692
v 107.097412 1290.683960 30.690031
v 95.489502 1300.947266 31.992628
v 79.343475 1316.883301 26.351501
v 61.233036 1315.380981 27.895727
v 44.645809 1308.101074 29.576502
v 29.886429 1293.467773 32.927570
v 24.907108 1277.048706 37.161041
v 27.953527 1260.030640 41.667652
v 38.563473 1245.029785 45.785580
v 52.230343 1234.966064 46.142742
v 74.070023 1229.640015 40.921806
v 92.999840 1231.593994 32.927582
v 107.475594 1238.453735 22.832378
v 119.440659 1251.868408 13.283422
v 120.312576 1270.388550 13.346450
v 121.426094 1291.009766 15.394894
v 112.286827 1302.953613 22.391163
v 98.598953 1312.124512 25.983831
v 78.040871 1331.915771 21.162086
v 59.100544 1330.066895 22.338629
v 40.317791 1320.959106 23.399626
v 17.889839 1301.714111 27.433510
v 12.952537 1280.504761 34.020073
v 15.505226 1259.011719 40.459587
v 28.615335 1239.483154 45.911633
v 47.345566 1228.421509 46.646973
v 72.967003 1221.866333 40.501614
v 97.422401 1223.021973 25.416574
v 111.540985 1234.556274 10.583667
v 117.812408 1252.866333 -1.507471
v 122.466072 1275.420288 0.908643
v 125.501991 1300.138306 4.301723
v 119.283089 1314.519531 14.554500
v 104.019478 1324.446777 19.806955
v 93.861244 1289.318359 36.940441
v 103.357674 1282.784302 35.795406
v 90.699272 1238.642700 42.781166
v 78.891769 1237.686768 46.426369
v 82.169296 1292.217651 38.085476
v 100.931038 1243.622070 37.150547
v 70.141190 1291.051636 39.797771
v 107.738205 1251.931396 35.039066
v 50.959251 1257.352051 49.504303
v 49.257454 1267.751709 47.046162
v 59.625790 1285.998779 41.982788
v 110.595551 1263.234741 32.864555
v 57.251682 1248.181152 50.733379
v 52.314381 1277.815430 44.272861
v 109.166870 1273.634521 32.885555
v 65.708122 1241.121826 50.124092
v 6.954241 1300.695190 27.244415
v 6.397481 1279.485718 34.114620
v 9.296833 1257.499023 41.089886
v 14.927458 1238.380127 46.657478
v 49.992798 1442.668823 -54.305092
v 37.922672 1456.052002 -53.412178
v 31.630239 1470.695801 -51.017059
v 26.283249 1486.642334 -50.996056
v 24.045706 1500.876465 -47.792065
v 68.292328 1433.340454 -49.830009
v 97.485428 1433.434937 -36.625355
v 124.504021 1430.724854 -30.322416
v 149.043457 1425.535400 -30.028280
v 168.298935 1414.673218 -32.875103
v 182.701141 1400.880371 -38.967945
v 191.798386 1388.936279 -44.903202
v 197.197906 1378.757080 -50.281712
v 201.694000 1370.930908 -54.336597
v 206.137558 1364.008057 -56.668690
v 213.501495 1353.933960 -56.742226
v 225.655655 1338.974976 -57.341003
v 241.024323 1320.097656 -57.414536
v 121.898811 1367.590332 -170.972458
v 101.708405 1364.880127 -177.086304
v 80.414978 1364.228638 -178.304871
v 58.249645 1362.327393 -167.568863
v 39.498405 1360.930298 -170.321152
v 19.896273 1359.564575 -168.755936
v 153.119354 1365.048218 -159.417068
v 173.561890 1353.114624 -151.034164
v 182.144379 1346.633057 -147.861694
v 191.483246 1338.911987 -144.636688
v 203.311752 1324.971924 -144.531631
v 163.970917 1360.205322 -154.815933
v 139.368454 1367.233154 -164.953156
v 218.648895 1306.830078 -142.010468
v 234.353729 1287.553467 -140.130081
v 118.841881 1349.889526 -170.384186
v 97.149277 1348.860107 -173.714233
v 76.128975 1349.711060 -170.636307
v 56.694920 1349.101685 -167.442810
v 38.710541 1348.355835 -168.881989
v 20.337479 1348.093262 -167.421799
v 149.999405 1348.912598 -155.372696
v 168.782150 1344.269531 -146.506546
v 177.133560 1339.531738 -143.859329
v 186.671997 1332.230835 -141.695312
v 197.534058 1321.452759 -139.384232
v 160.199661 1347.694092 -150.204269
v 212.808182 1305.107178 -136.075195
v 228.670578 1285.000732 -134.709549
v 136.101440 1349.868530 -162.936218
v 134.294586 1281.345093 -36.299686
v 144.830994 1271.859253 -83.172531
v 140.481964 1272.437012 -57.687660
v 101.141136 1284.895752 -152.284241
v 83.345840 1286.450562 -155.351685
v 67.105278 1286.881226 -157.116486
v 52.030746 1286.755127 -159.122940
v 37.208340 1286.597534 -160.730194
v 20.915247 1286.040894 -158.261520
v 131.521286 1281.219116 -132.219894
v 140.271866 1277.794434 -120.107750
v 144.652405 1274.495972 -104.917671
v 117.791397 1283.026001 -142.661758
v 133.223099 1263.822998 -33.337307
v 139.778152 1250.513184 -78.224724
v 137.582626 1253.139526 -54.620228
v 95.100822 1265.440674 -143.512650
v 79.322472 1267.174072 -149.258835
v 63.995827 1267.310547 -152.200195
v 50.349964 1267.026978 -156.328629
v 35.811192 1267.121460 -157.421127
v 18.415083 1267.268555 -153.471283
v 124.934723 1260.713501 -125.822411
v 132.708344 1256.795166 -114.077927
v 137.498581 1253.496704 -98.551697
v 111.982185 1262.677856 -135.760040
v 130.523331 1241.079834 -29.839180
v 134.031967 1228.022217 -72.468048
v 134.336609 1230.238770 -50.533813
v 89.774841 1241.888672 -137.629913
v 75.141525 1244.136841 -143.239532
v 61.191017 1244.578003 -148.008759
v 48.280502 1244.767090 -152.158188
v 33.741726 1246.237793 -152.305252
v 17.816303 1245.891113 -149.405899
v 118.011993 1236.005981 -120.233803
v 126.468437 1233.169678 -108.899017
v 131.059082 1230.564453 -92.458862
v 105.269562 1238.464233 -129.772247
v 127.424393 1214.807129 -25.826302
v 129.577896 1204.648926 -65.314201
v 131.006561 1207.285645 -45.638535
v 83.608467 1215.206299 -133.291397
v 70.183212 1217.475342 -138.386261
v 57.566826 1218.683472 -142.504181
v 45.433674 1219.565918 -145.697662
v 30.947424 1219.912476 -144.678696
v 16.387638 1221.341187 -144.626175
v 110.721603 1209.974854 -113.857330
v 118.085533 1207.737305 -97.637772
v 124.419983 1205.184692 -83.802818
v 97.926643 1212.180908 -124.845444
v 126.184807 1189.217163 -20.920515
v 122.980812 1180.172485 -59.914692
v 128.642944 1182.924805 -40.049931
v 78.797226 1190.540771 -129.509628
v 66.233368 1191.833008 -133.816635
v 54.593941 1192.872925 -137.062653
v 42.870480 1194.049438 -138.858978
v 30.453693 1194.175537 -140.151093
v 17.070456 1193.282593 -138.596359
v 103.683319 1184.899780 -104.865135
v 112.360367 1182.725220 -91.460892
v 119.167542 1180.792236 -77.037666
v 92.275009 1187.946045 -120.843079
v 125.249870 1163.207153 -19.365789
v 122.959808 1157.860107 -58.044815
v 126.415916 1159.393799 -38.253597
v 77.326538 1166.852295 -124.309692
v 65.214394 1168.890259 -130.486572
v 53.732540 1170.161377 -134.741058
v 41.641407 1170.245361 -135.875580
v 29.329668 1169.909180 -135.697006
v 16.587231 1168.585571 -135.318817
v 100.017113 1161.452759 -100.684189
v 110.017769 1159.194214 -88.393456
v 116.677879 1157.334839 -74.033264
v 88.965958 1163.847900 -113.227028
v 126.794090 1138.510132 -21.267172
v 124.703621 1136.818848 -60.460938
v 126.867630 1137.175903 -40.302040
v 76.633217 1144.634521 -121.168732
v 64.521072 1147.071533 -128.164993
v 52.745079 1148.500244 -132.125336
v 41.326260 1148.783813 -134.415405
v 29.550272 1147.544312 -134.972168
v 17.196514 1147.019043 -135.539429
v 97.821594 1139.718140 -97.658775
v 108.746681 1137.764160 -87.048828
v 117.644325 1136.219971 -75.262337
v 87.978500 1142.323364 -109.833946
v 127.781555 1120.515137 -25.773767
v 125.901176 1119.202026 -64.106140
v 129.325775 1120.441650 -44.461979
v 76.654228 1125.442017 -118.059280
v 64.983284 1128.089233 -127.629242
v 53.312344 1129.517944 -132.808151
v 42.009079 1129.643921 -135.287308
v 30.863384 1128.320312 -136.358810
v 18.120945 1126.818115 -136.264267
v 101.183151 1122.069824 -99.917328
v 111.824615 1120.588623 -90.063736
v 120.995392 1119.338623 -79.275208
v 88.335670 1123.845215 -108.878006
v 132.718842 1092.866211 -31.593483
v 133.853378 1095.208862 -69.757774
v 135.996384 1094.158447 -50.470783
v 49.919266 1087.109619 32.192253
v 78.996811 1111.060669 -119.824097
v 66.432961 1113.371826 -127.503189
v 54.383846 1114.327759 -133.112793
v 43.112091 1113.918091 -136.789520
v 30.705809 1112.384399 -139.993500
v 17.711254 1110.356934 -141.012482
v 12.469311 1090.019531 37.560257
v 118.999458 1095.881104 -97.847862
v 127.792061 1095.713135 -85.357536
v 95.804649 1096.879150 -116.515060
v 138.160385 1082.161743 -73.140343
v 141.028229 1080.848633 -52.813374
v 29.655321 1088.737793 36.110580
v 84.669456 1084.724976 -129.162964
v 70.445831 1085.985596 -135.024689
v 56.999561 1086.878418 -139.342209
v 44.173088 1087.214722 -142.577713
v 31.504183 1087.445801 -146.464523
v 17.059952 1087.582397 -147.462479
v 122.518608 1082.613525 -101.713654
v 133.254593 1082.592407 -89.160309
v 98.893089 1083.422363 -122.103661
v 128.916092 1290.032715 -17.937130
v 124.871689 1270.556641 -16.151297
v 123.243439 1249.000610 -14.008299
v 117.644325 1194.501099 -3.955105
v 120.942863 1223.925415 -8.136058
v 72.977509 1202.863037 42.150883
v 94.407501 1197.663208 27.675138
v 115.207184 1090.681274 3.156713
v 13.845452 1139.823242 45.995674
v 14.013531 1193.923462 54.704224
v 30.968433 1136.472046 44.588009
v 71.443802 1176.348633 39.062443
v 91.812790 1170.423950 25.784256
v 111.047256 1119.275635 6.371206
v 50.402489 1132.459351 39.734756
v 15.620780 1220.248657 52.582245
v 50.244919 1156.578491 45.207802
v 72.452271 1145.264771 37.612766
v 91.812790 1139.392578 23.242064
v 108.032341 1138.951294 9.480658
v 31.388628 1162.860474 49.609356
v 14.181610 1166.600220 51.258621
v 71.706421 1124.811646 31.582956
v 93.472565 1119.370117 19.996050
v 107.086906 1167.860840 11.886277
v 48.763725 1210.825806 50.754391
v 30.863384 1190.236084 54.031914
v 72.872467 1087.991943 25.185490
v 96.424438 1089.042480 15.689054
v 107.412567 1198.051758 11.938798
v 49.866741 1184.405884 50.344696
v 31.651249 1216.529907 52.645275
v 117.560287 1166.001343 -2.694521
v 121.562653 1138.856689 -4.228240
v 125.680580 1121.061401 -7.778895
v 128.684982 1092.330566 -12.590128
v 108.893745 1095.996826 -107.848518
v 123.590096 1107.489136 -82.804848
v 114.955078 1107.741211 -93.771957
v 129.914047 1105.923828 -29.040794
v 131.983505 1106.491211 -47.623951
v 129.882538 1107.152954 -66.606300
v 92.915810 1109.653198 -112.596733
v 43.973492 1100.650391 -139.352707
v 31.619736 1099.894043 -142.493668
v 17.532671 1099.116699 -144.342529
v 81.906670 1098.244751 -123.700409
v 68.586464 1099.620972 -129.740723
v 13.908483 1110.945190 40.386055
v 55.980587 1100.902466 -136.285263
v 127.382362 1106.144409 -10.573185
v 50.707130 1107.867310 34.902504
v 29.781378 1109.695068 39.135979
v 71.706421 1105.955444 28.357969
v 94.827698 1104.148560 18.336288
v 113.768013 1105.030884 4.848006
v 105.290573 1108.371460 -104.003731
v 111.971680 1082.203857 -111.462204
v 7.048785 1507.830688 30.826578
v 15.536741 1509.795044 28.547014
v -73.306442 1080.000000 23.898184
v -131.445145 1080.000000 -13.212519
v -57.068348 1080.000000 -141.708405
v 57.068348 1080.000000 -141.708405
v -96.611847 1080.000000 14.441610
v -44.080528 1080.000000 -144.979370
v 44.080528 1080.000000 -144.979370
v -138.514908 1080.000000 -40.468704
v -116.700195 1080.000000 2.265366
v -30.979898 1080.000000 -148.527985
v 138.514908 1080.000000 -40.468704
v 73.306442 1080.000000 23.898184
v 131.445145 1080.000000 -13.212519
v 30.979898 1080.000000 -148.527985
v -136.819092 1080.000000 -32.896267
v -139.301041 1080.000000 -73.623352
v -16.580788 1080.000000 -149.263290
v 96.611847 1080.000000 14.441610
v 139.301041 1080.000000 -73.623352
v 16.580788 1080.000000 -149.263290
v -141.444061 1080.000000 -52.937031
v -112.907913 1080.000000 -113.140030
v 0.000000 1080.000000 -144.797424
v 136.819092 1080.000000 -32.896267
v 124.053909 1080.000000 -103.739235
v 141.444061 1080.000000 -52.937031
v 0.000000 1080.000000 32.504856
v -30.076422 1080.000000 35.229595
v -124.053909 1080.000000 -103.739235
v 30.076422 1080.000000 35.229595
v 134.628708 1080.000000 -90.292259
v 112.907913 1080.000000 -113.140030
v -11.424368 1080.000000 35.796913
v -50.753624 1080.000000 31.199804
v -134.628708 1080.000000 -90.292259
v -85.500793 1080.000000 -131.497864
v 11.424368 1080.000000 35.796913
v 116.700195 1080.000000 2.265366
v 85.500793 1080.000000 -131.497864
v 99.909637 1080.000000 -124.105293
v -71.081100 1080.000000 -138.143280
v -99.909637 1080.000000 -124.105293
v 50.753624 1080.000000 31.199804
v 71.081100 1080.000000 -138.143280
vn 0.0883 -0.0648 0.9940
vn -0.6191 0.3554 0.7003
vn -0.2961 0.2554 0.9204
vn -0.0235 -0.0006 -0.9997
vn -0.8579 0.5015 -0.1116
vn -0.7096 0.2768 -0.6480
vn -0.0062 0.0065 1.0000
vn 0.0519 -0.0699 -0.9962
vn 0.5775 -0.4839 0.6575
vn 0.3738 -0.2921 0.8803
vn -0.7705 0.3230 -0.5496
vn 0.0453 -0.0934 -0.9946
vn 0.6752 -0.5633 0.4762
vn 0.4903 -0.5912 -0.6403
vn 0.3204 -0.2349 0.9177
vn -0.8674 0.4458 0.2212
vn -0.6889 0.3016 -0.6591
vn -0.5058 0.2206 -0.8340
vn -0.4449 0.1943 -0.8742
vn 0.6958 -0.5749 0.4306
vn -0.6738 0.2820 0.6830
vn -0.8372 0.4614 -0.2935
vn -0.2612 0.1656 -0.9510
vn 0.5314 -0.6104 -0.5874
vn 0.7293 -0.5813 0.3608
vn 0.6824 -0.6186 -0.3895
vn 0.4112 -0.4965 -0.7645
vn -0.4237 0.2162 -0.8796
vn -0.8672 0.4709 0.1620
vn -0.2947 0.1630 -0.9416
vn 0.7393 -0.6431 -0.1995
vn -0.7617 0.3614 0.5378
vn -0.3490 0.3252 0.8789
vn -0.2823 0.2677 0.9212
vn 0.2509 -0.3495 -0.9027
vn 0.7665 -0.6362 0.0880
vn -0.1889 -0.9747 0.1198
vn -0.3505 -0.9319 0.0931
vn -0.0000 -0.9557 0.2944
vn -0.1897 -0.9818 0.0085
vn -0.2995 -0.9540 -0.0144
vn -0.0000 -0.9913 0.1319
vn -0.9552 0.0170 0.2953
vn -0.9729 0.0449 0.2268
vn -0.9256 0.1860 0.3297
vn -0.9334 0.2001 0.2980
vn -0.7047 0.5689 0.4239
vn -0.6962 0.6219 0.3586
vn -0.7164 -0.2135 0.6642
vn -0.7891 -0.0175 0.6140
vn -0.9048 -0.0023 0.4259
vn -0.8619 0.1076 0.4956
vn -0.9086 0.1497 0.3900
vn -0.7386 0.4451 0.5063
vn -0.7238 0.5002 0.4752
vn -0.6614 -0.2181 0.7176
vn -0.6907 0.0147 0.7230
vn -0.8077 0.1073 0.5798
vn -0.7082 0.3872 0.5904
vn -0.0000 -0.9996 0.0271
vn -0.2106 -0.9748 -0.0737
vn -0.3009 -0.9507 -0.0750
vn -0.0000 -0.9974 -0.0721
vn -0.2154 -0.9764 0.0152
vn -0.3102 -0.9500 0.0344
vn -0.0000 -1.0000 -0.0030
vn -0.2123 -0.9112 0.3532
vn -0.3065 -0.8707 0.3846
vn -0.0000 -0.9301 0.3673
vn -0.6124 -0.7024 0.3627
vn -0.1902 -0.5197 0.8329
vn -0.5343 -0.4359 0.7243
vn -0.3087 -0.4881 0.8163
vn -0.1008 0.3932 0.9139
vn -0.0000 -0.5249 0.8512
vn -0.6176 -0.3821 0.6874
vn -0.1383 -0.1725 0.9752
vn -0.4312 -0.1033 0.8963
vn -0.2939 -0.1445 0.9448
vn -0.2645 0.0915 0.9600
vn -0.0000 -0.1818 0.9833
vn -0.4572 -0.0385 0.8885
vn -0.0812 -0.0288 0.9963
vn -0.2948 0.1565 0.9427
vn -0.1667 0.0268 0.9856
vn -0.3961 -0.1284 0.9092
vn -0.0000 -0.0389 0.9992
vn -0.4007 0.1711 0.9001
vn 0.0711 0.2453 0.9668
vn -0.3032 0.3927 0.8683
vn 0.0403 0.2855 0.9575
vn -0.4136 -0.4711 0.7791
vn -0.0000 0.1860 0.9826
vn -0.5079 0.3829 0.7716
vn -0.9837 0.0620 0.1687
vn -0.9368 0.2374 0.2571
vn -0.6840 0.6435 0.3436
vn -0.9444 0.3041 0.1252
vn -0.7240 0.6556 0.2142
vn -0.9200 0.3576 -0.1600
vn -0.7049 0.7032 -0.0928
vn -0.7126 0.3752 -0.5929
vn -0.5394 0.6923 -0.4793
vn -0.3631 0.3556 -0.8612
vn -0.3129 0.6144 -0.7243
vn -0.1890 0.3298 -0.9249
vn -0.1064 0.5355 -0.8378
vn -0.0000 0.3224 -0.9466
vn -0.0000 0.4008 -0.9162
vn -0.4143 -0.8681 0.2736
vn -0.2132 -0.9335 0.2882
vn -0.6539 -0.2621 0.7097
vn -0.5766 0.0401 0.8161
vn -0.6959 0.1204 0.7080
vn -0.7031 0.3352 0.6272
vn -0.2017 -0.9784 -0.0455
vn -0.2837 -0.9557 -0.0780
vn -0.0000 -0.9997 -0.0243
vn 0.1468 0.3973 -0.9059
vn 0.2253 0.3020 -0.9263
vn -0.5004 -0.7580 0.4183
vn -0.3923 -0.8276 0.4016
vn 0.0272 0.3029 -0.9526
vn 0.0533 0.4402 -0.8963
vn -0.7682 0.6263 0.1325
vn -0.5523 0.2681 0.7893
vn -0.4358 0.0357 0.8993
vn -0.4176 -0.1282 0.8996
vn -0.4615 -0.1476 0.8748
vn -0.5602 -0.0758 0.8249
vn -0.6522 0.0371 0.7571
vn -0.7147 0.1074 0.6911
vn -0.7454 0.1150 0.6566
vn -0.7534 0.1524 0.6397
vn -0.4096 0.2068 0.8885
vn -0.5458 0.3821 0.7457
vn -0.7000 0.7034 0.1235
vn -0.3359 0.1137 0.9350
vn -0.3384 0.0868 0.9370
vn -0.3860 0.1488 0.9104
vn -0.4260 0.2670 0.8644
vn -0.4310 0.3257 0.8415
vn -0.4168 0.3164 0.8522
vn -0.3907 0.3423 0.8545
vn -0.2341 0.5255 0.8180
vn -0.3319 0.6901 0.6432
vn -0.4607 0.8792 0.1215
vn -0.1786 0.3593 0.9160
vn -0.1722 0.3247 0.9300
vn -0.1924 0.3487 0.9173
vn -0.1954 0.4063 0.8926
vn -0.1617 0.4082 0.8985
vn -0.1347 0.3870 0.9122
vn -0.1137 0.3788 0.9185
vn 0.0057 0.7771 0.6294
vn 0.0310 0.8898 0.4552
vn -0.0168 0.9910 0.1327
vn -0.0502 0.5733 0.8178
vn -0.0507 0.4727 0.8798
vn -0.0280 0.4364 0.8993
vn 0.0108 0.4456 0.8951
vn 0.0463 0.4316 0.9009
vn 0.0594 0.4109 0.9097
vn 0.0696 0.3843 0.9206
vn 0.1461 0.9021 0.4059
vn 0.1727 0.9355 0.3083
vn 0.1134 0.9692 0.2188
vn 0.0115 0.8031 0.5957
vn -0.0000 0.3510 0.9364
vn -0.0000 0.3675 0.9300
vn -0.0000 0.3810 0.9246
vn -0.0000 0.3896 0.9210
vn -0.0223 0.6705 0.7415
vn -0.0883 -0.0648 0.9940
vn -0.5254 0.1819 0.8312
vn -0.2628 -0.0528 0.9634
vn -0.1297 -0.6901 0.7120
vn -0.3368 -0.7843 0.5210
vn -0.6337 -0.6737 0.3802
vn -0.8186 -0.4949 0.2916
vn -0.8956 -0.3489 0.2760
vn -0.9164 -0.2636 0.3013
vn -0.9553 -0.0959 0.2797
vn 0.6191 0.3554 0.7003
vn 0.2961 0.2554 0.9204
vn -0.1374 0.1441 0.9800
vn 0.4313 -0.4999 0.7510
vn 0.4529 -0.6961 0.5570
vn 0.4632 -0.7593 0.4571
vn -0.8192 -0.4995 0.2818
vn -0.9243 -0.2975 0.2390
vn -0.9573 -0.1984 0.2103
vn -0.9710 -0.1833 0.1533
vn 0.0235 -0.0006 -0.9997
vn 0.8579 0.5015 -0.1116
vn -0.1133 0.1039 0.9881
vn 0.5184 -0.4055 0.7529
vn 0.6601 -0.5368 0.5255
vn 0.6849 -0.6193 0.3839
vn -0.8334 0.5332 0.1456
vn -0.5532 0.1860 0.8120
vn -0.3866 -0.0515 0.9208
vn -0.4042 -0.3494 0.8453
vn -0.5130 -0.3948 0.7622
vn -0.6758 -0.3429 0.6525
vn -0.7913 -0.2530 0.5567
vn -0.8668 -0.1840 0.4635
vn -0.9093 -0.1512 0.3876
vn -0.9367 -0.0874 0.3390
vn 0.7096 0.2768 -0.6480
vn -0.4650 0.2963 0.8342
vn -0.1906 0.0907 0.9775
vn 0.1469 -0.6705 0.7272
vn -0.0799 -0.8436 0.5311
vn -0.5777 -0.7348 0.3553
vn -0.8172 -0.5037 0.2802
vn -0.9131 -0.3105 0.2642
vn -0.9340 -0.1969 0.2980
vn -0.9501 -0.0870 0.2996
vn -0.7241 0.5387 0.4306
vn -0.6785 0.6249 0.3862
vn -0.4351 0.8441 0.3135
vn 0.0106 0.9723 0.2334
vn 0.1595 0.9601 0.2295
vn 0.0062 0.0065 1.0000
vn -0.0519 -0.0699 -0.9962
vn -0.5775 -0.4839 0.6575
vn -0.7866 0.4341 0.4391
vn -0.3738 -0.2921 0.8803
vn -0.3161 0.6766 0.6651
vn -0.0784 0.6340 0.7693
vn -0.3968 0.6932 0.6017
vn -0.3667 0.7411 0.5624
vn -0.3600 0.7866 0.5017
vn 0.0970 0.3515 -0.9311
vn 0.1648 0.3467 -0.9234
vn -0.0000 0.3708 -0.9287
vn -0.0806 0.3998 -0.9131
vn -0.1712 0.4924 -0.8534
vn -0.2604 0.6736 -0.6917
vn 0.0303 0.4004 0.9158
vn -0.0000 0.3787 0.9255
vn 0.0755 0.3768 0.9232
vn 0.1069 0.3819 0.9180
vn 0.0460 0.3996 0.9155
vn 0.0938 0.3885 0.9167
vn 0.0733 0.3695 0.9263
vn -0.2285 0.8278 -0.5124
vn -0.1156 0.9210 -0.3720
vn -0.0471 0.9812 -0.1872
vn 0.0254 0.9995 -0.0198
vn 0.0909 0.9867 0.1345
vn -0.1165 0.9424 0.3135
vn -0.1450 0.9759 0.1629
vn -0.1835 0.9830 0.0093
vn -0.2659 0.9546 -0.1346
vn -0.3667 0.8888 -0.2749
vn -0.3219 0.7697 -0.5513
vn -0.1880 0.6093 -0.7703
vn -0.0580 0.5227 -0.8505
vn -0.0000 0.4600 -0.8879
vn 0.1852 0.4389 -0.8793
vn 0.1289 0.4550 -0.8811
vn 0.1123 0.5141 -0.8504
vn 0.1656 0.4557 -0.8746
vn -0.0000 0.4205 -0.9073
vn -0.0546 0.5985 -0.7993
vn -0.2291 0.6922 -0.6844
vn -0.3802 0.8150 -0.4373
vn -0.4786 0.8704 -0.1157
vn -0.4487 0.8872 0.1075
vn 0.0616 0.3527 0.9337
vn -0.3559 0.9092 0.2160
vn -0.3045 0.9059 0.2942
vn -0.3002 0.8655 0.4009
vn 0.0716 0.3645 0.9284
vn 0.0834 0.3811 0.9208
vn 0.0544 0.3556 0.9331
vn -0.0008 0.4792 0.8777
vn 0.1575 0.5705 0.8060
vn -0.4525 0.6669 0.5921
vn -0.3219 0.8062 0.4964
vn -0.1552 0.8806 0.4477
vn 0.0944 0.5651 0.8196
vn -0.1530 0.7958 0.5858
vn -0.0545 0.6345 0.7710
vn -0.0012 0.9037 0.4282
vn 0.0100 0.9215 0.3883
vn -0.0247 0.9244 0.3806
vn -0.0739 0.9271 0.3675
vn 0.2059 0.5393 0.8166
vn -0.0000 0.5035 0.8640
vn 0.2077 0.5782 0.7890
vn -0.0000 0.6458 0.7635
vn 0.1066 0.4165 0.9029
vn -0.0000 0.4567 0.8896
vn 0.0573 0.3378 0.9395
vn -0.0000 0.3365 0.9417
vn 0.0997 0.4113 0.9060
vn 0.1103 0.3883 0.9149
vn 0.1137 0.3728 0.9209
vn 0.1333 0.3802 0.9152
vn 0.1314 0.4054 0.9047
vn 0.1246 0.4312 0.8936
vn 0.1054 0.4178 0.9024
vn 0.0683 0.4131 0.9081
vn 0.0609 0.2225 -0.9730
vn 0.1360 0.2222 -0.9655
vn -0.0000 0.2447 -0.9696
vn -0.0748 0.2891 -0.9544
vn -0.1371 0.3998 -0.9063
vn -0.1699 0.5425 -0.8227
vn -0.1238 0.6885 -0.7146
vn -0.0832 0.8126 -0.5769
vn -0.0723 0.9060 -0.4171
vn -0.0650 0.9708 -0.2311
vn -0.0722 0.9972 0.0181
vn 0.0312 0.1032 -0.9942
vn 0.1052 0.1490 -0.9832
vn -0.0000 0.1615 -0.9869
vn -0.0314 0.1414 -0.9895
vn -0.0638 0.2870 -0.9558
vn -0.1075 0.4259 -0.8984
vn -0.0969 0.5197 -0.8488
vn -0.1430 0.6448 -0.7509
vn -0.2568 0.7512 -0.6081
vn -0.4272 0.8218 -0.3770
vn -0.5009 0.8635 -0.0582
vn -0.1383 0.2969 -0.9448
vn -0.1746 0.1100 -0.9785
vn -0.2448 -0.0088 -0.9695
vn -0.2507 -0.2284 -0.9407
vn -0.2069 -0.4428 -0.8724
vn -0.2294 -0.4161 -0.8799
vn -0.0987 0.2811 -0.9546
vn -0.1164 0.1877 -0.9753
vn -0.1642 0.0808 -0.9831
vn 0.1478 -0.2106 -0.9663
vn 0.1082 -0.2940 -0.9496
vn -0.0209 -0.2943 -0.9555
vn 0.0399 0.1633 -0.9858
vn 0.1491 0.1940 -0.9696
vn 0.1765 0.1326 -0.9753
vn 0.0802 -0.2084 -0.9747
vn 0.0132 -0.1656 -0.9861
vn -0.0560 -0.1945 -0.9793
vn 0.0203 -0.0089 -0.9998
vn 0.0667 0.0616 -0.9959
vn 0.1255 0.0984 -0.9872
vn -0.0596 -0.1579 -0.9857
vn -0.0863 -0.1394 -0.9865
vn -0.0901 -0.1563 -0.9836
vn -0.0418 -0.0135 -0.9990
vn -0.0962 -0.0072 -0.9953
vn -0.0810 0.0016 -0.9967
vn 0.0161 -0.1261 -0.9919
vn 0.0229 -0.1396 -0.9899
vn 0.0208 -0.1441 -0.9893
vn 0.0820 0.0688 -0.9943
vn 0.0693 0.0052 -0.9976
vn 0.0865 -0.0510 -0.9949
vn 0.0985 -0.1342 -0.9860
vn 0.0982 -0.1391 -0.9854
vn 0.1089 -0.1487 -0.9829
vn -0.0000 0.0830 -0.9965
vn -0.0000 -0.0022 -1.0000
vn -0.0000 -0.0728 -0.9973
vn -0.0000 -0.1357 -0.9908
vn -0.0000 -0.1412 -0.9900
vn -0.0000 -0.1585 -0.9874
vn -0.2386 0.4596 -0.8555
vn -0.4394 0.5948 -0.6731
vn -0.6200 0.6733 -0.4028
vn -0.6991 0.7070 -0.1074
vn -0.3404 0.2965 -0.8923
vn -0.5472 0.4785 -0.6868
vn -0.6764 0.6080 -0.4158
vn -0.7542 0.6470 -0.1120
vn -0.2055 0.1348 -0.9693
vn -0.2006 0.0062 -0.9797
vn -0.2314 -0.1840 -0.9553
vn -0.5652 -0.4025 -0.7201
vn -0.6057 -0.4155 -0.6787
vn -0.5868 -0.4453 -0.6763
vn -0.4004 0.1423 -0.9052
vn -0.5885 0.3406 -0.7332
vn -0.7431 0.4904 -0.4554
vn -0.8250 0.5557 -0.1026
vn -0.2561 0.0017 -0.9667
vn -0.2102 -0.0958 -0.9730
vn -0.2546 -0.1063 -0.9612
vn -0.8116 -0.4638 -0.3552
vn -0.8328 -0.4057 -0.3767
vn -0.8014 -0.4268 -0.4190
vn -0.4004 0.0942 -0.9115
vn -0.6047 0.2109 -0.7680
vn 0.7705 0.3230 -0.5496
vn -0.0453 -0.0934 -0.9946
vn -0.2505 0.0006 -0.9681
vn -0.1322 -0.1312 -0.9825
vn -0.1574 -0.7381 -0.6561
vn -0.2938 -0.9421 -0.1617
vn -0.9244 -0.3716 0.0859
vn -0.9547 -0.2972 0.0127
vn -0.3894 0.1081 -0.9147
vn -0.5874 0.2465 -0.7708
vn -0.6752 -0.5633 0.4762
vn 0.8674 0.4458 0.2212
vn -0.2278 -0.0285 -0.9733
vn -0.0872 -0.2027 -0.9753
vn 0.2373 -0.7916 -0.5631
vn 0.2787 -0.9599 -0.0293
vn 0.1100 -0.9206 0.3747
vn -0.3542 0.1279 -0.9264
vn 0.6889 0.3016 -0.6591
vn 0.5058 0.2206 -0.8340
vn 0.4449 0.1943 -0.8742
vn -0.1773 -0.0381 -0.9834
vn -0.0288 -0.1997 -0.9794
vn 0.4711 -0.7178 -0.5126
vn 0.6033 -0.7974 0.0160
vn 0.5274 -0.7720 0.3549
vn -0.5373 -0.7624 0.3607
vn -0.3350 0.1721 -0.9264
vn -0.6958 -0.5749 0.4306
vn -0.4903 -0.5912 -0.6403
vn 0.6738 0.2820 0.6830
vn -0.1090 0.0201 -0.9938
vn 0.0361 -0.0971 -0.9946
vn 0.5658 -0.6592 -0.4952
vn 0.6953 -0.7181 -0.0298
vn 0.6906 -0.6560 0.3045
vn -0.0463 -0.8891 0.4554
vn -0.4435 -0.8479 0.2906
vn -0.8106 -0.5592 0.1737
vn -0.4607 -0.5506 -0.6961
vn -0.1800 -0.1208 -0.9762
vn -0.7065 -0.6499 -0.2800
vn -0.7910 0.3861 -0.4746
vn 0.8372 0.4614 -0.2935
vn -0.6025 0.2288 -0.7647
vn -0.4069 0.0773 -0.9102
vn -0.2679 -0.0336 -0.9629
vn -0.3288 -0.1137 0.9375
vn -0.5509 0.1171 0.8263
vn 0.2612 0.1656 -0.9510
vn -0.8200 -0.4421 0.3635
vn -0.6886 -0.5604 0.4601
vn -0.4726 -0.6370 0.6090
vn -0.3067 -0.5653 0.7658
vn -0.8040 0.3725 0.4634
vn -0.9628 -0.1687 0.2113
vn -0.9193 -0.2915 0.2643
vn -0.8857 -0.3450 0.3107
vn -0.0684 -0.2762 -0.9587
vn -0.0291 -0.3387 -0.9404
vn 0.0405 -0.2728 -0.9612
vn 0.0985 -0.1536 -0.9832
vn -0.1538 -0.2192 -0.9635
vn -0.9435 -0.3197 -0.0867
vn -0.4382 -0.4467 -0.7800
vn -0.4800 -0.4443 -0.7564
vn -0.5216 -0.2986 -0.7993
vn -0.5314 -0.6104 -0.5874
vn -0.7294 -0.5813 0.3608
vn -0.6824 -0.6186 -0.3895
vn 0.5123 -0.3955 0.7623
vn 0.6698 -0.5328 0.5171
vn 0.7190 -0.5944 0.3601
vn 0.4237 0.2162 -0.8796
vn 0.8672 0.4709 0.1620
vn 0.2947 0.1630 -0.9416
vn -0.7393 -0.6431 -0.1995
vn -0.3204 -0.2349 0.9177
vn -0.1018 0.0494 -0.9936
vn 0.0555 -0.0692 -0.9961
vn 0.6181 -0.6222 -0.4805
vn 0.7306 -0.6804 -0.0573
vn 0.7345 -0.6350 0.2394
vn 0.1530 -0.1675 -0.9739
vn 0.7617 0.3614 0.5378
vn 0.3490 0.3252 0.8789
vn 0.2823 0.2677 0.9212
vn 0.5072 -0.4201 0.7525
vn 0.6552 -0.5632 0.5036
vn 0.7040 -0.6041 0.3734
vn -0.2509 -0.3495 -0.9027
vn -0.7665 -0.6362 0.0880
vn -0.4112 -0.4965 -0.7645
vn 0.6355 -0.6376 -0.4355
vn 0.7261 -0.6793 -0.1063
vn 0.7429 -0.6518 0.1523
vn 0.1908 -0.2461 -0.9503
vn 0.7129 -0.5884 0.3815
vn 0.6345 -0.6500 -0.4182
vn 0.7119 -0.6799 -0.1757
vn 0.7463 -0.6551 0.1181
vn -0.1859 0.2948 0.9373
vn -0.1317 0.2917 0.9474
vn -0.0839 0.2759 0.9575
vn -0.0488 0.2271 0.9727
vn -0.0245 0.1575 0.9872
vn -0.0300 0.0774 0.9965
vn -0.0693 -0.0347 0.9970
vn -0.1365 -0.1309 0.9819
vn -0.2191 -0.1748 0.9599
vn -0.3077 -0.1661 0.9369
vn -0.3627 -0.1254 0.9234
vn -0.3779 -0.0439 0.9248
vn -0.3769 0.0652 0.9240
vn -0.3487 0.1528 0.9247
vn -0.3021 0.2226 0.9269
vn -0.2408 0.2718 0.9317
vn -0.1900 0.2271 0.9552
vn -0.1629 0.2259 0.9604
vn -0.1359 0.2167 0.9667
vn -0.1182 0.1871 0.9752
vn -0.1055 0.1453 0.9837
vn -0.1133 0.1107 0.9874
vn -0.1367 0.0719 0.9880
vn -0.1797 0.0302 0.9833
vn -0.2213 0.0094 0.9752
vn -0.2585 0.0143 0.9659
vn -0.2882 0.0273 0.9572
vn -0.2963 0.0610 0.9531
vn -0.2948 0.1060 0.9496
vn -0.2799 0.1488 0.9484
vn -0.2560 0.1862 0.9486
vn -0.2195 0.2137 0.9519
vn -0.1817 0.3382 0.9234
vn -0.1133 0.3289 0.9376
vn -0.0459 0.2975 0.9536
vn -0.0008 0.2559 0.9667
vn 0.0219 0.1845 0.9826
vn 0.0231 0.0714 0.9972
vn -0.0217 -0.0822 0.9964
vn -0.1232 -0.2586 0.9581
vn -0.2279 -0.3440 0.9109
vn -0.3562 -0.3339 0.8727
vn -0.4588 -0.2791 0.8435
vn -0.4957 -0.1639 0.8529
vn -0.4943 0.0313 0.8688
vn -0.4476 0.1677 0.8783
vn -0.3626 0.2528 0.8970
vn -0.2548 0.3195 0.9127
vn -0.1645 0.3942 0.9042
vn -0.0708 0.3943 0.9162
vn 0.0265 0.3539 0.9349
vn 0.0892 0.3037 0.9486
vn 0.1212 0.2236 0.9671
vn 0.1351 0.0709 0.9883
vn 0.0907 -0.1238 0.9882
vn -0.0514 -0.3742 0.9259
vn -0.2028 -0.5183 0.8308
vn -0.4095 -0.5021 0.7618
vn -0.5839 -0.4317 0.6875
vn -0.6872 -0.2648 0.6765
vn -0.7099 0.0109 0.7042
vn -0.6327 0.1818 0.7527
vn -0.4600 0.2882 0.8399
vn -0.2699 0.3699 0.8890
vn -0.0971 0.4362 0.8946
vn 0.0041 0.4408 0.8976
vn 0.1216 0.4183 0.9001
vn 0.2112 0.3619 0.9080
vn 0.2765 0.2479 0.9285
vn 0.3004 0.0944 0.9491
vn 0.2402 -0.1122 0.9642
vn 0.0747 -0.4329 0.8983
vn -0.1710 -0.6548 0.7362
vn -0.4558 -0.6669 0.5895
vn -0.6874 -0.5242 0.5027
vn -0.8492 -0.2629 0.4580
vn -0.8768 -0.0309 0.4798
vn -0.7919 0.0804 0.6054
vn -0.5579 0.2669 0.7858
vn -0.2704 0.3917 0.8795
vn -0.0862 0.3946 0.9148
vn 0.0296 0.3945 0.9184
vn 0.1342 0.3944 0.9091
vn 0.1956 0.3556 0.9140
vn 0.2204 0.2752 0.9358
vn 0.2117 0.1799 0.9606
vn 0.1421 0.0374 0.9891
vn -0.0250 -0.1528 0.9879
vn -0.2847 -0.3926 0.8745
vn -0.5532 -0.4724 0.6861
vn -0.7765 -0.4542 0.4367
vn -0.9410 -0.2693 0.2051
vn -0.9655 -0.0903 0.2442
vn -0.8859 0.0244 0.4632
vn -0.6126 0.2324 0.7555
vn -0.2811 0.3614 0.8890
vn -0.0898 0.3632 0.9274
vn 0.0505 0.3626 0.9306
vn 0.1310 0.3704 0.9196
vn 0.1141 0.3475 0.9307
vn 0.0887 0.2971 0.9507
vn 0.0481 0.2655 0.9629
vn -0.0129 0.2270 0.9738
vn -0.1627 0.1262 0.9786
vn -0.3970 -0.0352 0.9172
vn -0.6812 -0.1698 0.7121
vn -0.8818 -0.2097 0.4223
vn -0.9598 -0.1433 0.2414
vn -0.9749 -0.1374 0.1751
vn -0.9356 -0.0425 0.3504
vn -0.7021 0.1915 0.6858
vn -0.3395 0.3461 0.8746
vn -0.2695 0.3779 0.8858
vn -0.5118 0.2783 0.8128
vn -0.4281 -0.6577 0.6198
vn -0.1763 -0.6667 0.7242
vn -0.1277 0.4208 0.8981
vn -0.6430 -0.5411 0.5419
vn -0.0259 0.4351 0.9000
vn -0.7890 -0.2849 0.5443
vn 0.2424 0.0783 0.9670
vn 0.2099 0.2450 0.9465
vn 0.0828 0.4036 0.9112
vn -0.8170 0.0034 0.5767
vn 0.2079 -0.1671 0.9638
vn 0.1571 0.3442 0.9257
vn -0.7282 0.1382 0.6713
vn 0.0573 -0.4599 0.8861
vn -0.0000 0.3402 0.9404
vn -0.0000 0.3110 0.9504
vn -0.0000 0.3001 0.9539
vn -0.0000 0.2864 0.9581
vn 0.0455 0.3372 0.9403
vn 0.0230 0.3060 0.9517
vn -0.0149 0.2952 0.9553
vn -0.0258 0.2895 0.9568
vn -0.8652 -0.0656 0.4972
vn -0.9669 0.2110 -0.1437
vn -0.0000 0.2101 -0.9777
vn 0.0395 0.2868 -0.9572
vn -0.7181 -0.4661 0.5167
vn -0.6974 -0.4189 0.5815
vn -0.7085 -0.5715 0.4141
vn 0.9512 -0.0650 0.3017
vn 0.5145 -0.8359 0.1914
vn 0.5005 -0.8383 0.2163
vn -0.9512 -0.0650 0.3017
vn 0.9811 -0.0563 0.1852
vn 0.9777 0.1824 0.1045
vn 0.2179 0.2513 -0.9431
vn 0.4142 -0.9092 0.0433
vn 0.1854 -0.7860 0.5898
vn -0.9811 -0.0563 0.1852
vn -0.9777 0.1824 0.1045
vn -0.2179 0.2513 -0.9431
vn -0.5145 -0.8359 0.1914
vn -0.3549 -0.9343 -0.0324
vn -0.3471 -0.9353 0.0690
vn 0.9896 -0.0551 0.1326
vn -0.2943 0.2314 -0.9273
vn 0.3549 -0.9343 -0.0324
vn 0.5788 -0.7303 0.3629
vn 0.4185 -0.8871 0.1946
vn -0.9896 -0.0551 0.1326
vn -0.7176 -0.5065 0.4780
vn -0.0000 -0.6158 0.7879
vn 0.9769 0.1468 0.1553
vn 0.3898 0.2159 -0.8952
vn 0.3450 -0.9294 0.1310
vn 0.7085 -0.5715 0.4141
vn -0.9769 0.1468 0.1553
vn -0.3898 0.2159 -0.8952
vn -0.5788 -0.7303 0.3629
vn -0.4185 -0.8871 0.1946
vn -0.5005 -0.8383 0.2163
vn -0.1854 -0.7860 0.5898
vn -0.2462 -0.7884 0.5638
vn 0.6799 -0.3735 0.6310
vn -0.0395 0.2868 -0.9572
vn 0.3511 -0.9335 -0.0728
vn -0.6799 -0.3735 0.6310
vn -0.3450 -0.9294 0.1310
vn -0.4292 -0.7348 0.5252
vn 0.7622 0.2353 -0.6030
vn 0.3249 -0.9407 -0.0979
vn -0.7622 0.2353 -0.6030
vn 0.2943 0.2314 -0.9273
vn -0.3249 -0.9407 -0.0979
vn -0.3511 -0.9335 -0.0728
vn 0.7993 -0.1097 0.5909
vn 0.7181 -0.4661 0.5167
vn 0.2462 -0.7884 0.5638
vn -0.7993 -0.1097 0.5909
vn -0.4142 -0.9092 0.0433
vn 0.8652 -0.0656 0.4972
vn 0.9669 0.2110 -0.1437
vn 0.3471 -0.9353 0.0690
vn 0.6974 -0.4189 0.5815
vn 0.7176 -0.5065 0.4780
vn 0.4292 -0.7348 0.5252
vn -0.4417 0.6765 0.5893
vn -0.6379 0.3348 0.6935
vn -0.5419 0.1455 0.8277
vn -0.4820 0.0051 0.8762
vn -0.6504 -0.3101 0.6935
vn -0.0590 0.8935 0.4453
vn 0.0986 0.8597 0.5012
vn -0.0177 0.6757 0.7369
vn -0.2046 0.4392 0.8748
vn -0.3724 0.1729 0.9118
vn -0.4317 -0.0420 0.9010
vn -0.3951 -0.2010 0.8964
vn -0.2934 -0.3391 0.8938
vn -0.1345 -0.3823 0.9142
vn 0.0683 -0.2771 0.9584
vn 0.1943 -0.1728 0.9656
vn 0.2317 -0.1784 0.9563
vn 0.2360 -0.1732 0.9562
vn -0.2930 -0.1057 -0.9503
vn -0.1471 -0.1372 -0.9796
vn 0.1922 -0.1222 -0.9737
vn 0.1144 -0.0579 -0.9917
vn -0.0406 -0.0651 -0.9970
vn 0.1044 -0.0948 -0.9900
vn -0.0000 -0.0983 -0.9952
vn -0.3053 -0.2530 -0.9181
vn -0.0585 -0.3963 -0.9163
vn 0.0043 -0.4126 -0.9109
vn 0.1044 -0.3305 -0.9380
vn 0.2571 -0.3107 -0.9151
vn -0.1860 -0.3297 -0.9256
vn -0.3323 -0.1646 -0.9287
vn 0.3644 -0.3797 -0.8503
vn 0.4051 -0.4378 -0.8026
vn -0.2932 -0.1080 -0.9499
vn 0.0119 -0.2062 -0.9784
vn 0.1688 -0.2705 -0.9478
vn 0.0248 -0.1691 -0.9853
vn -0.0054 -0.1115 -0.9938
vn 0.1016 -0.1234 -0.9871
vn -0.0000 -0.1184 -0.9930
vn -0.4251 -0.3136 -0.8491
vn -0.0884 -0.5290 -0.8440
vn 0.0996 -0.5459 -0.8319
vn 0.2778 -0.5114 -0.8132
vn 0.4182 -0.5207 -0.7443
vn -0.2941 -0.4294 -0.8539
vn 0.4955 -0.5114 -0.7021
vn 0.5058 -0.5274 -0.6827
vn -0.4452 -0.1829 -0.8766
vn -0.9545 -0.0196 0.2977
vn -0.9745 -0.2140 0.0681
vn -0.9690 -0.0688 0.2371
vn -0.2713 -0.3701 -0.8885
vn -0.1276 -0.2933 -0.9475
vn -0.1316 -0.2227 -0.9660
vn -0.1242 -0.1703 -0.9775
vn 0.0299 -0.1523 -0.9879
vn 0.1381 -0.1743 -0.9750
vn -0.0000 -0.1972 -0.9804
vn -0.5869 -0.4395 -0.6800
vn -0.7728 -0.4349 -0.4623
vn -0.9175 -0.3555 -0.1786
vn -0.4402 -0.4166 -0.7954
vn -0.9400 -0.0621 0.3356
vn -0.9714 -0.2369 -0.0172
vn -0.9769 -0.1253 0.1731
vn -0.3080 -0.3610 -0.8802
vn -0.2172 -0.3092 -0.9259
vn -0.2201 -0.2391 -0.9457
vn -0.1572 -0.1982 -0.9675
vn 0.0639 -0.1907 -0.9796
vn 0.1665 -0.2091 -0.9636
vn -0.0000 -0.2275 -0.9738
vn -0.6186 -0.3767 -0.6895
vn -0.7983 -0.3714 -0.4742
vn -0.9178 -0.3264 -0.2259
vn -0.4489 -0.3723 -0.8123
vn -0.9456 -0.0571 0.3204
vn -0.9677 -0.2354 -0.0896
vn -0.9838 -0.1331 0.1203
vn -0.3504 -0.2730 -0.8959
vn -0.2882 -0.2498 -0.9244
vn -0.2737 -0.2332 -0.9331
vn -0.1366 -0.2348 -0.9624
vn 0.0809 -0.2241 -0.9712
vn 0.1645 -0.2019 -0.9655
vn -0.0000 -0.1833 -0.9831
vn -0.6489 -0.3492 -0.6760
vn -0.8127 -0.3655 -0.4538
vn -0.9039 -0.3307 -0.2714
vn -0.4715 -0.3072 -0.8266
vn -0.9542 -0.0401 0.2965
vn -0.9592 -0.2368 -0.1545
vn -0.9905 -0.1276 0.0519
vn -0.3792 -0.2328 -0.8955
vn -0.2960 -0.2207 -0.9293
vn -0.2505 -0.2374 -0.9386
vn -0.1003 -0.2462 -0.9640
vn 0.0505 -0.2233 -0.9735
vn 0.1132 -0.1847 -0.9763
vn -0.0000 -0.1617 -0.9868
vn -0.7005 -0.3621 -0.6150
vn -0.8163 -0.3663 -0.4467
vn -0.8932 -0.3134 -0.3225
vn -0.5321 -0.2924 -0.7946
vn -0.9572 -0.0224 0.2886
vn -0.9616 -0.1560 -0.2257
vn -0.9956 -0.0919 -0.0157
vn -0.4226 -0.2236 -0.8783
vn -0.3066 -0.1851 -0.9337
vn -0.2121 -0.1788 -0.9608
vn -0.0862 -0.1863 -0.9787
vn 0.0167 -0.1805 -0.9834
vn 0.0687 -0.1709 -0.9829
vn -0.0000 -0.1697 -0.9855
vn -0.7522 -0.2920 -0.5907
vn -0.8313 -0.2501 -0.4965
vn -0.9132 -0.2065 -0.3513
vn -0.6074 -0.2829 -0.7423
vn -0.9700 0.0167 0.2423
vn -0.9661 0.0032 -0.2583
vn -0.9986 -0.0030 -0.0535
vn -0.5169 -0.1836 -0.8361
vn -0.3568 -0.1415 -0.9234
vn -0.2180 -0.1166 -0.9690
vn -0.0804 -0.1061 -0.9911
vn -0.0012 -0.0946 -0.9955
vn 0.0544 -0.0729 -0.9959
vn -0.0000 -0.0709 -0.9975
vn -0.7459 -0.1826 -0.6405
vn -0.8188 -0.1212 -0.5611
vn -0.9106 -0.0319 -0.4120
vn -0.6863 -0.2039 -0.6981
vn -0.9847 0.0748 0.1575
vn -0.9570 0.1238 -0.2623
vn -0.9954 0.0821 -0.0504
vn -0.5941 -0.1019 -0.7979
vn -0.4246 -0.0745 -0.9023
vn -0.2579 -0.0412 -0.9653
vn -0.1064 -0.0120 -0.9943
vn -0.0266 0.0151 -0.9995
vn 0.0304 0.0313 -0.9990
vn -0.0000 0.0415 -0.9991
vn -0.7175 0.0111 -0.6964
vn -0.7742 0.0958 -0.6256
vn -0.8718 0.1442 -0.4681
vn -0.6955 -0.0733 -0.7148
vn -0.9883 0.1058 0.1097
vn -0.9394 0.2390 -0.2458
vn -0.9867 0.1588 -0.0356
vn -0.5992 0.0634 -0.7981
vn -0.4860 0.0199 -0.8737
vn -0.3117 0.0438 -0.9492
vn -0.1707 0.0857 -0.9816
vn -0.0623 0.1315 -0.9894
vn 0.0271 0.1503 -0.9883
vn -0.0000 0.1412 -0.9900
vn -0.6546 0.2780 -0.7031
vn -0.7198 0.3049 -0.6236
vn -0.8374 0.2899 -0.4633
vn -0.6220 0.1747 -0.7633
vn -0.9561 0.2243 0.1884
vn -0.9073 0.3684 -0.2027
vn -0.9508 0.3073 0.0396
vn -0.2367 -0.1237 0.9637
vn -0.5184 0.2654 -0.8129
vn -0.4929 0.1703 -0.8533
vn -0.3509 0.1420 -0.9256
vn -0.2273 0.1666 -0.9595
vn -0.1134 0.2170 -0.9696
vn 0.0394 0.2343 -0.9714
vn -0.0000 0.2237 -0.9747
vn 0.0570 -0.1597 0.9855
vn -0.6924 0.3949 -0.6038
vn -0.8068 0.4034 -0.4316
vn -0.5043 0.3823 -0.7743
vn -0.8796 0.4396 -0.1819
vn -0.9195 0.3893 0.0540
vn -0.1207 -0.1312 0.9840
vn -0.4053 0.4452 -0.7984
vn -0.3567 0.3900 -0.8489
vn -0.2854 0.3098 -0.9070
vn -0.2502 0.2675 -0.9305
vn -0.1712 0.2655 -0.9488
vn 0.0891 0.2547 -0.9629
vn -0.0000 0.2492 -0.9684
vn -0.6227 0.5245 -0.5806
vn -0.7679 0.5027 -0.3970
vn -0.4921 0.4760 -0.7288
vn -0.9679 -0.0921 0.2337
vn -0.9374 -0.1037 0.3324
vn -0.9182 -0.0454 0.3935
vn -0.8771 -0.0132 0.4801
vn -0.8993 -0.0243 0.4367
vn -0.0000 -0.1707 0.9853
vn -0.0000 -0.0139 0.9999
vn -0.0000 -0.1971 0.9804
vn -0.4494 -0.0014 0.8933
vn -0.6387 -0.0507 0.7678
vn -0.6558 -0.0083 0.7548
vn 0.0144 -0.1951 0.9807
vn 0.0146 -0.0278 0.9995
vn -0.1173 -0.1965 0.9735
vn -0.4550 -0.0859 0.8863
vn -0.6203 -0.0666 0.7815
vn -0.6629 -0.0084 0.7486
vn -0.2193 -0.2086 0.9531
vn -0.0102 0.1910 0.9815
vn -0.2442 -0.1677 0.9551
vn -0.4089 -0.1493 0.9003
vn -0.5810 -0.0920 0.8087
vn -0.6887 -0.0193 0.7248
vn -0.1045 -0.1751 0.9790
vn -0.0000 0.1781 0.9840
vn 0.0142 -0.1595 0.9871
vn -0.3658 -0.1791 0.9133
vn -0.5333 -0.0852 0.8416
vn -0.7440 -0.0223 0.6678
vn -0.0000 -0.1520 0.9884
vn -0.2537 0.0947 0.9626
vn -0.0953 -0.0541 0.9940
vn -0.3367 -0.1277 0.9329
vn -0.4709 -0.0896 0.8776
vn -0.7939 -0.0412 0.6066
vn -0.2651 -0.0853 0.9604
vn -0.1020 0.1678 0.9805
vn -0.8584 0.0253 0.5123
vn -0.8596 0.0486 0.5087
vn -0.8910 0.0559 0.4506
vn -0.8874 0.1142 0.4466
vn -0.6065 0.3778 -0.6996
vn -0.8136 0.3681 -0.4501
vn -0.7026 0.3850 -0.5985
vn -0.9798 0.1469 0.1358
vn -0.9688 0.2476 0.0046
vn -0.9192 0.3292 -0.2160
vn -0.5247 0.3509 -0.7756
vn -0.2465 0.2281 -0.9419
vn -0.1654 0.2467 -0.9549
vn 0.0604 0.2434 -0.9680
vn -0.0000 0.2245 -0.9745
vn -0.4434 0.3651 -0.8186
vn -0.4300 0.3047 -0.8499
vn 0.0237 -0.1691 0.9853
vn -0.3383 0.2479 -0.9078
vn -0.9040 0.0568 0.4238
vn -0.0000 -0.1741 0.9847
vn -0.2379 -0.1617 0.9577
vn -0.1227 -0.1682 0.9781
vn -0.3440 -0.1383 0.9287
vn -0.4921 -0.0777 0.8670
vn -0.6651 -0.0187 0.7465
vn -0.6100 0.3854 -0.6923
vn -0.5627 0.5093 -0.6511
vn -0.0000 -0.7156 0.6985
vn -0.2429 -0.8524 0.4631
vn -0.4508 -0.7756 0.4419
vn -0.0000 -0.8785 0.4778
vn 0.1889 -0.9747 0.1198
vn 0.3505 -0.9319 0.0931
vn 0.1897 -0.9818 0.0085
vn 0.2995 -0.9540 -0.0144
vn 0.9552 0.0170 0.2953
vn 0.9729 0.0449 0.2268
vn 0.9256 0.1860 0.3297
vn 0.9334 0.2001 0.2980
vn 0.7047 0.5689 0.4239
vn 0.6962 0.6219 0.3586
vn 0.7164 -0.2135 0.6642
vn 0.7891 -0.0175 0.6140
vn 0.9048 -0.0023 0.4259
vn 0.8619 0.1076 0.4956
vn 0.9086 0.1497 0.3900
vn 0.7386 0.4451 0.5063
vn 0.7238 0.5002 0.4752
vn 0.6614 -0.2181 0.7176
vn 0.6907 0.0147 0.7230
vn 0.8077 0.1073 0.5798
vn 0.7082 0.3872 0.5904
vn 0.2106 -0.9748 -0.0737
vn 0.3009 -0.9507 -0.0750
vn 0.2154 -0.9764 0.0152
vn 0.3102 -0.9500 0.0344
vn 0.2123 -0.9112 0.3532
vn 0.3065 -0.8707 0.3846
vn 0.6124 -0.7024 0.3627
vn 0.1902 -0.5197 0.8329
vn 0.5343 -0.4359 0.7243
vn 0.3087 -0.4881 0.8163
vn 0.1008 0.3932 0.9139
vn 0.6176 -0.3821 0.6874
vn 0.1383 -0.1725 0.9752
vn 0.4312 -0.1033 0.8963
vn 0.2939 -0.1445 0.9448
vn 0.2645 0.0915 0.9600
vn 0.4572 -0.0385 0.8885
vn 0.0812 -0.0288 0.9963
vn 0.2948 0.1565 0.9427
vn 0.1667 0.0268 0.9856
vn 0.3961 -0.1284 0.9092
vn 0.4007 0.1711 0.9001
vn -0.0711 0.2453 0.9668
vn 0.3032 0.3927 0.8683
vn -0.0403 0.2855 0.9575
vn 0.4136 -0.4711 0.7791
vn 0.5079 0.3829 0.7716
vn 0.9837 0.0620 0.1687
vn 0.9368 0.2374 0.2571
vn 0.6840 0.6435 0.3436
vn 0.9444 0.3041 0.1252
vn 0.7240 0.6556 0.2142
vn 0.9200 0.3576 -0.1600
vn 0.7049 0.7032 -0.0928
vn 0.7126 0.3752 -0.5929
vn 0.5394 0.6923 -0.4793
vn 0.3631 0.3556 -0.8612
vn 0.3129 0.6144 -0.7243
vn 0.1890 0.3298 -0.9249
vn 0.1064 0.5355 -0.8378
vn 0.4143 -0.8681 0.2736
vn 0.2132 -0.9335 0.2882
vn 0.6539 -0.2621 0.7097
vn 0.5766 0.0401 0.8161
vn 0.6959 0.1204 0.7080
vn 0.7031 0.3352 0.6272
vn 0.2017 -0.9784 -0.0455
vn 0.2837 -0.9557 -0.0780
vn -0.1468 0.3973 -0.9059
vn -0.2253 0.3020 -0.9263
vn 0.5004 -0.7580 0.4183
vn 0.3923 -0.8276 0.4016
vn -0.0272 0.3029 -0.9526
vn -0.0533 0.4402 -0.8963
vn 0.7682 0.6263 0.1325
vn 0.5523 0.2681 0.7893
vn 0.4358 0.0357 0.8993
vn 0.4176 -0.1282 0.8996
vn 0.4615 -0.1476 0.8748
vn 0.5602 -0.0758 0.8249
vn 0.6522 0.0371 0.7571
vn 0.7147 0.1074 0.6911
vn 0.7454 0.1150 0.6566
vn 0.7534 0.1524 0.6397
vn 0.4096 0.2068 0.8885
vn 0.5458 0.3821 0.7457
vn 0.7000 0.7034 0.1235
vn 0.3359 0.1137 0.9350
vn 0.3384 0.0868 0.9370
vn 0.3860 0.1488 0.9104
vn 0.4260 0.2670 0.8644
vn 0.4310 0.3257 0.8415
vn 0.4168 0.3164 0.8522
vn 0.3907 0.3423 0.8545
vn 0.2341 0.5255 0.8180
vn 0.3319 0.6901 0.6432
vn 0.4607 0.8792 0.1215
vn 0.1786 0.3593 0.9160
vn 0.1722 0.3247 0.9300
vn 0.1924 0.3487 0.9173
vn 0.1954 0.4063 0.8926
vn 0.1617 0.4082 0.8985
vn 0.1347 0.3870 0.9122
vn 0.1137 0.3788 0.9185
vn -0.0057 0.7771 0.6294
vn -0.0310 0.8898 0.4552
vn 0.0168 0.9910 0.1327
vn 0.0502 0.5733 0.8178
vn 0.0507 0.4727 0.8798
vn 0.0280 0.4364 0.8993
vn -0.0108 0.4456 0.8951
vn -0.0463 0.4316 0.9009
vn -0.0594 0.4109 0.9097
vn -0.0696 0.3843 0.9206
vn -0.1461 0.9021 0.4059
vn -0.1727 0.9355 0.3083
vn -0.1134 0.9692 0.2188
vn -0.0115 0.8031 0.5957
vn 0.0223 0.6705 0.7415
vn 0.5254 0.1819 0.8312
vn 0.2628 -0.0528 0.9634
vn 0.1297 -0.6901 0.7120
vn 0.3368 -0.7843 0.5210
vn 0.6337 -0.6737 0.3802
vn 0.8186 -0.4949 0.2916
vn 0.8956 -0.3489 0.2760
vn 0.9164 -0.2636 0.3013
vn 0.9553 -0.0959 0.2797
vn 0.1374 0.1441 0.9800
vn -0.4313 -0.4999 0.7510
vn -0.4529 -0.6961 0.5570
vn -0.4632 -0.7593 0.4571
vn 0.8192 -0.4995 0.2818
vn 0.9243 -0.2975 0.2390
vn 0.9573 -0.1984 0.2103
vn 0.9710 -0.1833 0.1533
vn 0.1133 0.1039 0.9881
vn -0.5184 -0.4055 0.7529
vn -0.6601 -0.5368 0.5255
vn -0.6849 -0.6193 0.3839
vn 0.8334 0.5332 0.1456
vn 0.5532 0.1860 0.8120
vn 0.3866 -0.0515 0.9208
vn 0.4042 -0.3494 0.8453
vn 0.5130 -0.3948 0.7622
vn 0.6758 -0.3429 0.6525
vn 0.7913 -0.2530 0.5567
vn 0.8668 -0.1840 0.4635
vn 0.9093 -0.1512 0.3876
vn 0.9367 -0.0874 0.3390
vn 0.4650 0.2964 0.8342
vn 0.1906 0.0907 0.9775
vn -0.1469 -0.6705 0.7272
vn 0.0799 -0.8436 0.5311
vn 0.5777 -0.7348 0.3553
vn 0.8172 -0.5037 0.2802
vn 0.9131 -0.3105 0.2642
vn 0.9340 -0.1969 0.2980
vn 0.9501 -0.0870 0.2996
vn 0.7241 0.5387 0.4306
vn 0.6785 0.6249 0.3862
vn 0.4351 0.8441 0.3135
vn -0.0106 0.9723 0.2334
vn -0.1595 0.9601 0.2295
vn 0.7866 0.4341 0.4391
vn 0.3161 0.6766 0.6651
vn 0.0784 0.6340 0.7693
vn 0.3968 0.6932 0.6017
vn 0.3667 0.7411 0.5624
vn 0.3600 0.7866 0.5017
vn -0.0970 0.3515 -0.9311
vn -0.1648 0.3467 -0.9234
vn 0.0806 0.3998 -0.9131
vn 0.1712 0.4924 -0.8534
vn 0.2604 0.6736 -0.6917
vn -0.0303 0.4004 0.9158
vn -0.0755 0.3768 0.9232
vn -0.1069 0.3819 0.9180
vn -0.0460 0.3996 0.9155
vn -0.0938 0.3885 0.9167
vn -0.0733 0.3695 0.9263
vn 0.2285 0.8278 -0.5124
vn 0.1156 0.9210 -0.3720
vn 0.0471 0.9812 -0.1872
vn -0.0254 0.9995 -0.0198
vn -0.0909 0.9867 0.1345
vn 0.1165 0.9424 0.3135
vn 0.1450 0.9759 0.1629
vn 0.1835 0.9830 0.0093
vn 0.2659 0.9546 -0.1346
vn 0.3667 0.8888 -0.2749
vn 0.3219 0.7697 -0.5513
vn 0.1880 0.6093 -0.7703
vn 0.0580 0.5227 -0.8505
vn -0.1852 0.4389 -0.8793
vn -0.1289 0.4550 -0.8811
vn -0.1123 0.5141 -0.8504
vn -0.1656 0.4557 -0.8746
vn 0.0546 0.5985 -0.7993
vn 0.2291 0.6922 -0.6844
vn 0.3802 0.8150 -0.4373
vn 0.4786 0.8704 -0.1157
vn 0.4487 0.8872 0.1075
vn -0.0616 0.3527 0.9337
vn 0.3559 0.9092 0.2160
vn 0.3045 0.9059 0.2942
vn 0.3002 0.8655 0.4009
vn -0.0716 0.3645 0.9284
vn -0.0834 0.3811 0.9208
vn -0.0544 0.3556 0.9331
vn 0.0008 0.4792 0.8777
vn -0.1575 0.5705 0.8060
vn 0.4525 0.6669 0.5921
vn 0.3219 0.8062 0.4964
vn 0.1552 0.8806 0.4477
vn -0.0944 0.5651 0.8196
vn 0.1530 0.7958 0.5858
vn 0.0545 0.6345 0.7710
vn 0.0012 0.9037 0.4282
vn -0.0100 0.9215 0.3883
vn 0.0247 0.9244 0.3806
vn 0.0739 0.9271 0.3675
vn -0.2059 0.5393 0.8166
vn -0.2077 0.5782 0.7890
vn -0.1066 0.4165 0.9029
vn -0.0573 0.3378 0.9395
vn -0.0997 0.4113 0.9060
vn -0.1103 0.3883 0.9149
vn -0.1137 0.3728 0.9209
vn -0.1333 0.3802 0.9152
vn -0.1314 0.4054 0.9047
vn -0.1246 0.4312 0.8936
vn -0.1054 0.4178 0.9024
vn -0.0683 0.4131 0.9081
vn -0.0609 0.2225 -0.9730
vn -0.1360 0.2222 -0.9655
vn 0.0748 0.2891 -0.9544
vn 0.1371 0.3998 -0.9063
vn 0.1699 0.5425 -0.8227
vn 0.1238 0.6885 -0.7146
vn 0.0832 0.8126 -0.5769
vn 0.0723 0.9060 -0.4171
vn 0.0650 0.9708 -0.2311
vn 0.0722 0.9972 0.0181
vn -0.0312 0.1032 -0.9942
vn -0.1052 0.1490 -0.9832
vn 0.0314 0.1414 -0.9895
vn 0.0638 0.2870 -0.9558
vn 0.1075 0.4259 -0.8984
vn 0.0969 0.5197 -0.8488
vn 0.1430 0.6448 -0.7509
vn 0.2568 0.7512 -0.6081
vn 0.4272 0.8218 -0.3770
vn 0.5009 0.8635 -0.0582
vn 0.1383 0.2969 -0.9448
vn 0.1746 0.1100 -0.9785
vn 0.2448 -0.0088 -0.9695
vn 0.2507 -0.2284 -0.9407
vn 0.2069 -0.4428 -0.8724
vn 0.2294 -0.4161 -0.8799
vn 0.0987 0.2811 -0.9546
vn 0.1164 0.1877 -0.9753
vn 0.1642 0.0808 -0.9831
vn -0.1478 -0.2106 -0.9663
vn -0.1082 -0.2940 -0.9496
vn 0.0209 -0.2943 -0.9555
vn -0.0399 0.1633 -0.9858
vn -0.1491 0.1940 -0.9696
vn -0.1765 0.1326 -0.9753
vn -0.0802 -0.2084 -0.9747
vn -0.0132 -0.1656 -0.9861
vn 0.0560 -0.1945 -0.9793
vn -0.0203 -0.0089 -0.9998
vn -0.0667 0.0616 -0.9959
vn -0.1255 0.0984 -0.9872
vn 0.0596 -0.1579 -0.9857
vn 0.0863 -0.1394 -0.9865
vn 0.0901 -0.1563 -0.9836
vn 0.0418 -0.0135 -0.9990
vn 0.0962 -0.0072 -0.9953
vn 0.0810 0.0016 -0.9967
vn -0.0161 -0.1261 -0.9919
vn -0.0229 -0.1396 -0.9899
vn -0.0208 -0.1441 -0.9893
vn -0.0820 0.0688 -0.9943
vn -0.0693 0.0052 -0.9976
vn -0.0865 -0.0510 -0.9949
vn -0.0985 -0.1342 -0.9860
vn -0.0982 -0.1391 -0.9854
vn -0.1089 -0.1487 -0.9829
vn 0.2386 0.4596 -0.8555
vn 0.4394 0.5948 -0.6731
vn 0.6200 0.6733 -0.4028
vn 0.6991 0.7070 -0.1074
vn 0.3404 0.2965 -0.8923
vn 0.5472 0.4784 -0.6868
vn 0.6764 0.6080 -0.4158
vn 0.7542 0.6470 -0.1120
vn 0.2055 0.1348 -0.9693
vn 0.2006 0.0062 -0.9797
vn 0.2314 -0.1840 -0.9553
vn 0.5652 -0.4025 -0.7201
vn 0.6057 -0.4155 -0.6787
vn 0.5868 -0.4453 -0.6763
vn 0.4004 0.1423 -0.9052
vn 0.5885 0.3406 -0.7332
vn 0.7431 0.4904 -0.4554
vn 0.8250 0.5557 -0.1026
vn 0.2561 0.0017 -0.9667
vn 0.2102 -0.0958 -0.9730
vn 0.2546 -0.1063 -0.9612
vn 0.8116 -0.4638 -0.3552
vn 0.8328 -0.4057 -0.3767
vn 0.8014 -0.4268 -0.4190
vn 0.4004 0.0942 -0.9115
vn 0.6047 0.2109 -0.7680
vn 0.2505 0.0006 -0.9681
vn 0.1322 -0.1312 -0.9825
vn 0.1574 -0.7381 -0.6561
vn 0.2938 -0.9421 -0.1617
vn 0.9244 -0.3716 0.0859
vn 0.9547 -0.2972 0.0127
vn 0.3894 0.1081 -0.9147
vn 0.5874 0.2465 -0.7708
vn 0.2278 -0.0285 -0.9733
vn 0.0872 -0.2027 -0.9753
vn -0.2373 -0.7916 -0.5631
vn -0.2787 -0.9599 -0.0293
vn -0.1100 -0.9206 0.3747
vn 0.3542 0.1279 -0.9264
vn 0.1773 -0.0381 -0.9834
vn 0.0288 -0.1997 -0.9794
vn -0.4711 -0.7178 -0.5126
vn -0.6033 -0.7974 0.0160
vn -0.5274 -0.7720 0.3549
vn 0.5373 -0.7624 0.3607
vn 0.3350 0.1721 -0.9264
vn 0.1090 0.0201 -0.9938
vn -0.0361 -0.0971 -0.9946
vn -0.5658 -0.6592 -0.4952
vn -0.6953 -0.7181 -0.0298
vn -0.6906 -0.6560 0.3045
vn 0.0463 -0.8891 0.4554
vn 0.4435 -0.8479 0.2906
vn 0.8106 -0.5592 0.1737
vn 0.4607 -0.5506 -0.6961
vn 0.1800 -0.1208 -0.9762
vn 0.7065 -0.6499 -0.2800
vn 0.7910 0.3861 -0.4746
vn 0.6025 0.2288 -0.7647
vn 0.4069 0.0773 -0.9102
vn 0.2679 -0.0336 -0.9629
vn 0.3288 -0.1137 0.9375
vn 0.5509 0.1171 0.8263
vn 0.8200 -0.4421 0.3635
vn 0.6886 -0.5604 0.4601
vn 0.4726 -0.6370 0.6090
vn 0.3067 -0.5653 0.7658
vn 0.8040 0.3725 0.4634
vn 0.9628 -0.1687 0.2113
vn 0.9193 -0.2915 0.2643
vn 0.8857 -0.3450 0.3107
vn 0.0684 -0.2762 -0.9587
vn 0.0291 -0.3387 -0.9404
vn -0.0405 -0.2728 -0.9612
vn -0.0985 -0.1536 -0.9832
vn 0.1538 -0.2192 -0.9635
vn 0.9435 -0.3197 -0.0867
vn 0.4382 -0.4467 -0.7800
vn 0.4800 -0.4443 -0.7564
vn 0.5216 -0.2986 -0.7993
vn -0.5123 -0.3955 0.7623
vn -0.6698 -0.5328 0.5171
vn -0.7190 -0.5944 0.3601
vn 0.1018 0.0494 -0.9936
vn -0.0555 -0.0692 -0.9961
vn -0.6181 -0.6222 -0.4805
vn -0.7306 -0.6804 -0.0573
vn -0.7345 -0.6350 0.2394
vn -0.1530 -0.1675 -0.9739
vn -0.5073 -0.4201 0.7525
vn -0.6552 -0.5632 0.5036
vn -0.7040 -0.6041 0.3734
vn -0.6355 -0.6376 -0.4355
vn -0.7261 -0.6793 -0.1063
vn -0.7429 -0.6518 0.1523
vn -0.1908 -0.2461 -0.9503
vn -0.7129 -0.5884 0.3815
vn -0.6345 -0.6500 -0.4182
vn -0.7119 -0.6799 -0.1757
vn -0.7463 -0.6551 0.1181
vn 0.1859 0.2948 0.9373
vn 0.1317 0.2917 0.9474
vn 0.0839 0.2759 0.9575
vn 0.0488 0.2271 0.9727
vn 0.0245 0.1575 0.9872
vn 0.0300 0.0774 0.9966
vn 0.0693 -0.0347 0.9970
vn 0.1365 -0.1309 0.9819
vn 0.2191 -0.1748 0.9599
vn 0.3077 -0.1661 0.9369
vn 0.3627 -0.1254 0.9234
vn 0.3779 -0.0439 0.9248
vn 0.3769 0.0652 0.9240
vn 0.3487 0.1528 0.9247
vn 0.3021 0.2226 0.9269
vn 0.2408 0.2718 0.9317
vn 0.1900 0.2271 0.9552
vn 0.1629 0.2259 0.9604
vn 0.1359 0.2167 0.9667
vn 0.1182 0.1871 0.9752
vn 0.1055 0.1453 0.9837
vn 0.1133 0.1107 0.9874
vn 0.1367 0.0719 0.9880
vn 0.1797 0.0302 0.9833
vn 0.2213 0.0094 0.9752
vn 0.2585 0.0143 0.9659
vn 0.2882 0.0273 0.9572
vn 0.2963 0.0610 0.9531
vn 0.2948 0.1060 0.9496
vn 0.2799 0.1488 0.9484
vn 0.2560 0.1862 0.9486
vn 0.2195 0.2136 0.9519
vn 0.1817 0.3382 0.9234
vn 0.1133 0.3289 0.9376
vn 0.0459 0.2975 0.9536
vn 0.0008 0.2559 0.9667
vn -0.0219 0.1845 0.9826
vn -0.0231 0.0714 0.9972
vn 0.0217 -0.0822 0.9964
vn 0.1232 -0.2586 0.9581
vn 0.2279 -0.3440 0.9109
vn 0.3562 -0.3339 0.8727
vn 0.4588 -0.2791 0.8435
vn 0.4957 -0.1639 0.8529
vn 0.4943 0.0313 0.8688
vn 0.4476 0.1677 0.8783
vn 0.3626 0.2528 0.8970
vn 0.2548 0.3195 0.9127
vn 0.1645 0.3942 0.9042
vn 0.0708 0.3943 0.9162
vn -0.0265 0.3539 0.9349
vn -0.0892 0.3037 0.9486
vn -0.1212 0.2236 0.9671
vn -0.1351 0.0709 0.9883
vn -0.0907 -0.1238 0.9882
vn 0.0514 -0.3742 0.9259
vn 0.2028 -0.5183 0.8308
vn 0.4095 -0.5021 0.7618
vn 0.5839 -0.4317 0.6875
vn 0.6872 -0.2648 0.6765
vn 0.7099 0.0109 0.7042
vn 0.6327 0.1818 0.7527
vn 0.4600 0.2882 0.8399
vn 0.2699 0.3699 0.8890
vn 0.0971 0.4362 0.8946
vn -0.0041 0.4408 0.8976
vn -0.1216 0.4183 0.9001
vn -0.2112 0.3619 0.9080
vn -0.2765 0.2479 0.9285
vn -0.3004 0.0944 0.9491
vn -0.2402 -0.1122 0.9642
vn -0.0747 -0.4329 0.8983
vn 0.1710 -0.6548 0.7362
vn 0.4558 -0.6669 0.5895
vn 0.6874 -0.5242 0.5027
vn 0.8492 -0.2629 0.4580
vn 0.8768 -0.0309 0.4798
vn 0.7919 0.0804 0.6054
vn 0.5579 0.2669 0.7858
vn 0.2704 0.3917 0.8795
vn 0.0862 0.3946 0.9148
vn -0.0296 0.3945 0.9184
vn -0.1342 0.3944 0.9091
vn -0.1956 0.3556 0.9140
vn -0.2204 0.2752 0.9358
vn -0.2117 0.1799 0.9606
vn -0.1421 0.0374 0.9891
vn 0.0250 -0.1528 0.9879
vn 0.2847 -0.3926 0.8745
vn 0.5532 -0.4724 0.6861
vn 0.7765 -0.4542 0.4367
vn 0.9410 -0.2693 0.2051
vn 0.9655 -0.0903 0.2442
vn 0.8859 0.0244 0.4632
vn 0.6126 0.2324 0.7555
vn 0.2811 0.3614 0.8890
vn 0.0898 0.3632 0.9274
vn -0.0505 0.3626 0.9306
vn -0.1310 0.3704 0.9196
vn -0.1141 0.3475 0.9307
vn -0.0887 0.2971 0.9507
vn -0.0481 0.2655 0.9629
vn 0.0129 0.2270 0.9738
vn 0.1627 0.1262 0.9786
vn 0.3970 -0.0352 0.9172
vn 0.6812 -0.1698 0.7121
vn 0.8818 -0.2097 0.4223
vn 0.9598 -0.1433 0.2414
vn 0.9749 -0.1374 0.1751
vn 0.9356 -0.0425 0.3504
vn 0.7021 0.1915 0.6858
vn 0.3395 0.3461 0.8746
vn 0.2695 0.3779 0.8858
vn 0.5118 0.2783 0.8128
vn 0.4281 -0.6577 0.6198
vn 0.1763 -0.6667 0.7242
vn 0.1277 0.4208 0.8981
vn 0.6430 -0.5411 0.5419
vn 0.0259 0.4351 0.9000
vn 0.7890 -0.2849 0.5443
vn -0.2424 0.0783 0.9670
vn -0.2099 0.2450 0.9465
vn -0.0828 0.4036 0.9112
vn 0.8170 0.0034 0.5767
vn -0.2079 -0.1671 0.9638
vn -0.1571 0.3442 0.9257
vn 0.7282 0.1382 0.6713
vn -0.0573 -0.4599 0.8861
vn -0.0455 0.3372 0.9403
vn -0.0230 0.3060 0.9517
vn 0.0149 0.2952 0.9553
vn 0.0258 0.2895 0.9568
vn 0.4417 0.6765 0.5893
vn 0.6379 0.3348 0.6935
vn 0.5419 0.1455 0.8277
vn 0.4820 0.0051 0.8762
vn 0.6504 -0.3101 0.6935
vn 0.0590 0.8935 0.4453
vn -0.0986 0.8597 0.5012
vn 0.0177 0.6757 0.7369
vn 0.2046 0.4392 0.8748
vn 0.3724 0.1729 0.9118
vn 0.4317 -0.0420 0.9010
vn 0.3951 -0.2010 0.8964
vn 0.2934 -0.3391 0.8938
vn 0.1345 -0.3823 0.9142
vn -0.0683 -0.2771 0.9584
vn -0.1943 -0.1728 0.9656
vn -0.2317 -0.1784 0.9563
vn -0.2360 -0.1732 0.9562
vn 0.2930 -0.1057 -0.9503
vn 0.1471 -0.1372 -0.9796
vn -0.1922 -0.1222 -0.9737
vn -0.1144 -0.0579 -0.9917
vn 0.0406 -0.0651 -0.9970
vn -0.1044 -0.0948 -0.9900
vn 0.3053 -0.2530 -0.9181
vn 0.0585 -0.3963 -0.9163
vn -0.0043 -0.4126 -0.9109
vn -0.1044 -0.3305 -0.9380
vn -0.2571 -0.3107 -0.9151
vn 0.1860 -0.3297 -0.9256
vn 0.3323 -0.1646 -0.9287
vn -0.3644 -0.3797 -0.8503
vn -0.4051 -0.4378 -0.8026
vn 0.2932 -0.1080 -0.9499
vn -0.0119 -0.2062 -0.9784
vn -0.1688 -0.2705 -0.9478
vn -0.0248 -0.1691 -0.9853
vn 0.0054 -0.1115 -0.9938
vn -0.1016 -0.1234 -0.9871
vn 0.4251 -0.3136 -0.8491
vn 0.0884 -0.5290 -0.8440
vn -0.0996 -0.5459 -0.8319
vn -0.2778 -0.5114 -0.8132
vn -0.4182 -0.5207 -0.7443
vn 0.2941 -0.4294 -0.8539
vn -0.4955 -0.5114 -0.7021
vn -0.5058 -0.5274 -0.6827
vn 0.4452 -0.1829 -0.8766
vn 0.9545 -0.0196 0.2977
vn 0.9745 -0.2140 0.0681
vn 0.9690 -0.0688 0.2371
vn 0.2713 -0.3701 -0.8885
vn 0.1276 -0.2933 -0.9475
vn 0.1316 -0.2227 -0.9660
vn 0.1242 -0.1703 -0.9775
vn -0.0299 -0.1523 -0.9879
vn -0.1381 -0.1743 -0.9750
vn 0.5869 -0.4395 -0.6800
vn 0.7728 -0.4349 -0.4623
vn 0.9175 -0.3555 -0.1786
vn 0.4402 -0.4166 -0.7954
vn 0.9400 -0.0621 0.3356
vn 0.9714 -0.2369 -0.0172
vn 0.9769 -0.1253 0.1731
vn 0.3080 -0.3610 -0.8802
vn 0.2172 -0.3092 -0.9259
vn 0.2201 -0.2391 -0.9457
vn 0.1572 -0.1982 -0.9675
vn -0.0639 -0.1907 -0.9796
vn -0.1665 -0.2091 -0.9636
vn 0.6186 -0.3767 -0.6895
vn 0.7983 -0.3714 -0.4742
vn 0.9178 -0.3264 -0.2259
vn 0.4489 -0.3723 -0.8123
vn 0.9456 -0.0571 0.3204
vn 0.9677 -0.2354 -0.0896
vn 0.9838 -0.1331 0.1203
vn 0.3504 -0.2730 -0.8959
vn 0.2882 -0.2498 -0.9244
vn 0.2737 -0.2332 -0.9331
vn 0.1366 -0.2348 -0.9624
vn -0.0809 -0.2241 -0.9712
vn -0.1645 -0.2019 -0.9655
vn 0.6489 -0.3492 -0.6760
vn 0.8127 -0.3655 -0.4538
vn 0.9039 -0.3307 -0.2714
vn 0.4715 -0.3072 -0.8266
vn 0.9542 -0.0401 0.2965
vn 0.9592 -0.2368 -0.1545
vn 0.9905 -0.1276 0.0519
vn 0.3792 -0.2328 -0.8955
vn 0.2960 -0.2207 -0.9293
vn 0.2505 -0.2374 -0.9386
vn 0.1003 -0.2462 -0.9640
vn -0.0505 -0.2233 -0.9735
vn -0.1132 -0.1847 -0.9763
vn 0.7005 -0.3621 -0.6150
vn 0.8163 -0.3663 -0.4467
vn 0.8932 -0.3134 -0.3224
vn 0.5321 -0.2924 -0.7946
vn 0.9572 -0.0224 0.2886
vn 0.9616 -0.1560 -0.2257
vn 0.9956 -0.0919 -0.0157
vn 0.4226 -0.2236 -0.8783
vn 0.3066 -0.1851 -0.9337
vn 0.2121 -0.1788 -0.9608
vn 0.0862 -0.1863 -0.9787
vn -0.0167 -0.1805 -0.9834
vn -0.0687 -0.1709 -0.9829
vn 0.7522 -0.2920 -0.5907
vn 0.8313 -0.2501 -0.4965
vn 0.9132 -0.2065 -0.3513
vn 0.6074 -0.2829 -0.7423
vn 0.9700 0.0167 0.2423
vn 0.9661 0.0032 -0.2583
vn 0.9986 -0.0030 -0.0535
vn 0.5169 -0.1836 -0.8361
vn 0.3568 -0.1415 -0.9234
vn 0.2180 -0.1166 -0.9690
vn 0.0804 -0.1061 -0.9911
vn 0.0012 -0.0946 -0.9955
vn -0.0544 -0.0729 -0.9959
vn 0.7459 -0.1826 -0.6405
vn 0.8188 -0.1212 -0.5611
vn 0.9106 -0.0319 -0.4120
vn 0.6863 -0.2039 -0.6981
vn 0.9847 0.0748 0.1575
vn 0.9570 0.1238 -0.2623
vn 0.9953 0.0821 -0.0504
vn 0.5941 -0.1019 -0.7979
vn 0.4246 -0.0745 -0.9023
vn 0.2579 -0.0412 -0.9653
vn 0.1064 -0.0120 -0.9943
vn 0.0266 0.0151 -0.9995
vn -0.0304 0.0313 -0.9990
vn 0.7175 0.0111 -0.6964
vn 0.7742 0.0958 -0.6256
vn 0.8718 0.1442 -0.4681
vn 0.6955 -0.0733 -0.7148
vn 0.9883 0.1058 0.1097
vn 0.9394 0.2390 -0.2458
vn 0.9867 0.1588 -0.0356
vn 0.5992 0.0634 -0.7981
vn 0.4860 0.0199 -0.8737
vn 0.3117 0.0438 -0.9492
vn 0.1707 0.0857 -0.9816
vn 0.0623 0.1315 -0.9894
vn -0.0271 0.1503 -0.9883
vn 0.6546 0.2780 -0.7031
vn 0.7198 0.3049 -0.6236
vn 0.8374 0.2899 -0.4633
vn 0.6220 0.1747 -0.7633
vn 0.9561 0.2243 0.1884
vn 0.9073 0.3684 -0.2027
vn 0.9508 0.3073 0.0396
vn 0.2367 -0.1237 0.9637
vn 0.5184 0.2654 -0.8129
vn 0.4929 0.1703 -0.8533
vn 0.3509 0.1420 -0.9256
vn 0.2273 0.1666 -0.9595
vn 0.1134 0.2170 -0.9696
vn -0.0394 0.2343 -0.9714
vn -0.0570 -0.1597 0.9855
vn 0.6924 0.3949 -0.6038
vn 0.8068 0.4034 -0.4316
vn 0.5043 0.3823 -0.7743
vn 0.8796 0.4396 -0.1819
vn 0.9195 0.3893 0.0540
vn 0.1207 -0.1312 0.9840
vn 0.4053 0.4452 -0.7984
vn 0.3567 0.3900 -0.8489
vn 0.2854 0.3098 -0.9070
vn 0.2502 0.2675 -0.9305
vn 0.1712 0.2655 -0.9488
vn -0.0891 0.2547 -0.9629
vn 0.6227 0.5245 -0.5806
vn 0.7679 0.5027 -0.3970
vn 0.4921 0.4760 -0.7288
vn 0.9679 -0.0921 0.2337
vn 0.9374 -0.1037 0.3324
vn 0.9182 -0.0454 0.3935
vn 0.8771 -0.0132 0.4801
vn 0.8993 -0.0243 0.4367
vn 0.4494 -0.0014 0.8933
vn 0.6387 -0.0507 0.7678
vn 0.6558 -0.0083 0.7548
vn -0.0144 -0.1951 0.9807
vn -0.0146 -0.0278 0.9995
vn 0.1173 -0.1965 0.9735
vn 0.4550 -0.0859 0.8863
vn 0.6203 -0.0666 0.7815
vn 0.6629 -0.0084 0.7486
vn 0.2193 -0.2086 0.9531
vn 0.0102 0.1910 0.9815
vn 0.2442 -0.1677 0.9551
vn 0.4089 -0.1493 0.9003
vn 0.5810 -0.0920 0.8087
vn 0.6887 -0.0193 0.7248
vn 0.1045 -0.1751 0.9790
vn -0.0142 -0.1595 0.9871
vn 0.3658 -0.1791 0.9133
vn 0.5333 -0.0852 0.8416
vn 0.7440 -0.0223 0.6678
vn 0.2537 0.0947 0.9626
vn 0.0953 -0.0541 0.9940
vn 0.3367 -0.1277 0.9329
vn 0.4709 -0.0896 0.8776
vn 0.7939 -0.0412 0.6066
vn 0.2651 -0.0853 0.9604
vn 0.1020 0.1678 0.9805
vn 0.8584 0.0253 0.5123
vn 0.8596 0.0486 0.5087
vn 0.8910 0.0559 0.4506
vn 0.8874 0.1142 0.4466
vn 0.6065 0.3778 -0.6996
vn 0.8136 0.3681 -0.4501
vn 0.7026 0.3850 -0.5985
vn 0.9798 0.1469 0.1358
vn 0.9688 0.2476 0.0046
vn 0.9192 0.3292 -0.2160
vn 0.5247 0.3509 -0.7756
vn 0.2465 0.2281 -0.9419
vn 0.1654 0.2467 -0.9549
vn -0.0604 0.2434 -0.9680
vn 0.4434 0.3651 -0.8186
vn 0.4300 0.3047 -0.8499
vn -0.0237 -0.1691 0.9853
vn 0.3383 0.2479 -0.9078
vn 0.9040 0.0568 0.4238
vn 0.2379 -0.1617 0.9577
vn 0.1227 -0.1682 0.9781
vn 0.3440 -0.1383 0.9287
vn 0.4921 -0.0777 0.8670
vn 0.6651 -0.0187 0.7465
vn 0.6100 0.3854 -0.6923
vn 0.5627 0.5093 -0.6511
vn 0.2429 -0.8524 0.4631
vn 0.4508 -0.7756 0.4419
vn -0.3400 -0.1207 0.9327
vn -0.8777 0.1782 0.4449
vn -0.2505 0.3493 -0.9029
vn 0.2505 0.3493 -0.9029
vn -0.4622 -0.0828 0.8829
vn -0.2537 0.2895 -0.9229
vn 0.2537 0.2895 -0.9229
vn -0.9331 0.3007 0.1972
vn -0.6540 0.0305 0.7559
vn -0.1578 0.2582 -0.9531
vn 0.9331 0.3007 0.1972
vn 0.3400 -0.1207 0.9327
vn 0.8777 0.1782 0.4449
vn 0.1578 0.2582 -0.9531
vn -0.9385 0.2719 0.2129
vn -0.8513 0.4968 -0.1688
vn 0.1063 0.2570 -0.9606
vn 0.4622 -0.0828 0.8829
vn 0.8513 0.4968 -0.1688
vn -0.1063 0.2570 -0.9606
vn -0.8932 0.4475 0.0434
vn -0.5100 0.6278 -0.5880
vn -0.0000 0.2713 -0.9625
vn 0.9385 0.2719 0.2129
vn 0.5370 0.6575 -0.5285
vn 0.8932 0.4475 0.0434
vn -0.0000 -0.2179 0.9760
vn -0.1210 -0.1205 0.9853
vn -0.5370 0.6575 -0.5285
vn 0.1210 -0.1205 0.9853
vn 0.7139 0.5885 -0.3795
vn 0.5100 0.6278 -0.5880
vn 0.0935 -0.1814 0.9790
vn -0.2486 -0.1103 0.9623
vn -0.7139 0.5885 -0.3795
vn -0.3898 0.4799 -0.7860
vn -0.0935 -0.1814 0.9790
vn 0.6540 0.0305 0.7559
vn 0.3898 0.4799 -0.7860
vn 0.4711 0.5434 -0.6948
vn -0.3175 0.4254 -0.8475
vn -0.4711 0.5434 -0.6948
vn 0.2486 -0.1103 0.9623
vn 0.3175 0.4254 -0.8475
vt 0.192198 0.819224
vt 0.189490 0.818816
vt 0.186331 0.815611
vt 0.189642 0.807559
vt 0.197544 0.808793
vt 0.140186 0.763493
vt 0.141133 0.768221
vt 0.136811 0.769111
vt 0.136668 0.764172
vt 0.154337 0.877854
vt 0.154448 0.881407
vt 0.148657 0.879845
vt 0.152299 0.877319
vt 0.139101 0.760097
vt 0.137130 0.760541
vt 0.142656 0.775600
vt 0.140811 0.775939
vt 0.199403 0.829973
vt 0.198050 0.829781
vt 0.195442 0.826140
vt 0.197934 0.820587
vt 0.203403 0.821619
vt 0.605876 0.782459
vt 0.607203 0.772162
vt 0.618405 0.775600
vt 0.617989 0.779087
vt 0.614357 0.783862
vt 0.202662 0.839153
vt 0.199180 0.838350
vt 0.198521 0.832929
vt 0.205374 0.831297
vt 0.147103 0.754124
vt 0.148693 0.756752
vt 0.138070 0.757451
vt 0.138142 0.757126
vt 0.154358 0.884762
vt 0.145511 0.882324
vt 0.155185 0.782459
vt 0.146703 0.783862
vt 0.143071 0.779087
vt 0.153857 0.772162
vt 0.605071 0.791348
vt 0.607301 0.791591
vt 0.168446 0.799124
vt 0.164513 0.799286
vt 0.155659 0.793079
vt 0.155989 0.791348
vt 0.169666 0.788799
vt 0.154237 0.876127
vt 0.157319 0.874431
vt 0.163938 0.875763
vt 0.164278 0.879713
vt 0.606723 0.877854
vt 0.596782 0.879713
vt 0.597123 0.875763
vt 0.603742 0.874431
vt 0.606823 0.876127
vt 0.606612 0.881407
vt 0.612404 0.879845
vt 0.615550 0.882324
vt 0.606702 0.884762
vt 0.613957 0.754124
vt 0.622919 0.757126
vt 0.622991 0.757451
vt 0.621960 0.760097
vt 0.612368 0.756752
vt 0.180108 0.806761
vt 0.175894 0.807023
vt 0.167931 0.801566
vt 0.183276 0.797577
vt 0.619927 0.768221
vt 0.624249 0.769111
vt 0.620250 0.775939
vt 0.962263 0.475622
vt 0.961067 0.466373
vt 0.967850 0.464027
vt 0.968530 0.474996
vt 0.318057 0.908327
vt 0.329082 0.921085
vt 0.323280 0.924429
vt 0.312099 0.913339
vt 0.306095 0.898100
vt 0.300372 0.901974
vt 0.330632 0.901790
vt 0.340217 0.914559
vt 0.334887 0.917636
vt 0.324229 0.904845
vt 0.317916 0.891229
vt 0.312654 0.894127
vt 0.977064 0.460238
vt 0.990140 0.451840
vt 0.992106 0.468958
vt 0.977804 0.473694
vt 0.376699 0.950586
vt 0.376188 0.944152
vt 0.378366 0.945153
vt 0.378508 0.951394
vt 0.375706 0.932303
vt 0.378175 0.932480
vt 0.375581 0.918694
vt 0.377713 0.918562
vt 0.364423 0.905456
vt 0.370072 0.903992
vt 0.371667 0.918952
vt 0.366831 0.919450
vt 0.372322 0.886407
vt 0.374340 0.903036
vt 0.367060 0.888334
vt 0.376944 0.902813
vt 0.376486 0.885820
vt 0.360924 0.889168
vt 0.369842 0.870442
vt 0.375290 0.868808
vt 0.367343 0.931919
vt 0.363307 0.932426
vt 0.361837 0.920338
vt 0.380530 0.885508
vt 0.380530 0.902464
vt 0.354803 0.872849
vt 0.362489 0.870439
vt 0.324676 0.886586
vt 0.336873 0.898337
vt 0.345149 0.911745
vt 0.345625 0.926882
vt 0.349795 0.924436
vt 0.380530 0.932436
vt 0.380530 0.945988
vt 0.334459 0.929548
vt 0.341045 0.929167
vt 0.306362 0.918324
vt 0.293852 0.906368
vt 0.317191 0.929322
vt 0.327243 0.930442
vt 0.319155 0.932197
vt 0.300569 0.923794
vt 0.287839 0.912998
vt 0.311540 0.934720
vt 0.294895 0.930336
vt 0.283165 0.919662
vt 0.310721 0.934974
vt 0.302478 0.938507
vt 0.290065 0.936819
vt 0.278581 0.927135
vt 0.295665 0.942690
vt 0.284619 0.943811
vt 0.275065 0.935450
vt 0.290236 0.948156
vt 0.281031 0.949383
vt 0.272354 0.942437
vt 0.285924 0.953455
vt 0.276069 0.958974
vt 0.274316 0.962204
vt 0.266499 0.957822
vt 0.268449 0.953924
vt 0.279997 0.962321
vt 0.278496 0.965072
vt 0.568863 0.819224
vt 0.563517 0.808793
vt 0.571419 0.807559
vt 0.574729 0.815611
vt 0.571570 0.818816
vt 0.380530 0.918514
vt 0.380530 0.869364
vt 0.959640 0.475900
vt 0.958195 0.467185
vt 0.371789 0.932218
vt 0.354471 0.890891
vt 0.346985 0.874491
vt 0.359246 0.906483
vt 0.349336 0.909462
vt 0.353075 0.923064
vt 0.342879 0.894985
vt 0.331657 0.882802
vt 0.278364 0.954370
vt 0.270377 0.948845
vt 0.282562 0.957979
vt 0.957366 0.463382
vt 0.960107 0.459831
vt 0.965972 0.454900
vt 0.974461 0.450469
vt 0.987872 0.446146
vt 0.380530 0.952212
vt 0.993515 0.483168
vt 0.977509 0.483168
vt 0.968807 0.483168
vt 0.962962 0.483168
vt 0.959584 0.483168
vt 0.955292 0.467447
vt 0.955402 0.467945
vt 0.956678 0.476089
vt 0.367576 0.934899
vt 0.363341 0.932741
vt 0.372218 0.939630
vt 0.354808 0.929833
vt 0.350779 0.929111
vt 0.346163 0.928885
vt 0.269293 0.858633
vt 0.250662 0.848891
vt 0.257625 0.840623
vt 0.275868 0.850176
vt 0.235094 0.841650
vt 0.241048 0.834484
vt 0.222443 0.835771
vt 0.229287 0.828387
vt 0.212710 0.832788
vt 0.218196 0.825026
vt 0.209718 0.823323
vt 0.620874 0.763493
vt 0.624393 0.764172
vt 0.191342 0.821188
vt 0.265689 0.833251
vt 0.283617 0.842310
vt 0.250181 0.827996
vt 0.238179 0.821965
vt 0.226783 0.816826
vt 0.217321 0.814007
vt 0.203680 0.810138
vt 0.209980 0.811847
vt 0.608761 0.877319
vt 0.179056 0.809514
vt 0.291691 0.820570
vt 0.273261 0.814528
vt 0.286750 0.807020
vt 0.312087 0.813543
vt 0.258693 0.809061
vt 0.268553 0.801274
vt 0.246538 0.802595
vt 0.254966 0.794025
vt 0.235512 0.796789
vt 0.242288 0.787688
vt 0.226204 0.791419
vt 0.218086 0.787721
vt 0.221679 0.775454
vt 0.231871 0.781576
vt 0.210435 0.784703
vt 0.209829 0.767216
vt 0.200787 0.784213
vt 0.199981 0.767989
vt 0.185773 0.786111
vt 0.186383 0.772143
vt 0.338182 0.812879
vt 0.339132 0.801090
vt 0.359055 0.801690
vt 0.358930 0.811900
vt 0.296851 0.798129
vt 0.318915 0.801399
vt 0.277207 0.792261
vt 0.261553 0.784420
vt 0.247833 0.777824
vt 0.225704 0.764859
vt 0.236730 0.771641
vt 0.214006 0.757072
vt 0.198891 0.753051
vt 0.202160 0.747728
vt 0.183402 0.759602
vt 0.192827 0.756018
vt 0.380530 0.800363
vt 0.380530 0.810403
vt 0.371218 0.811051
vt 0.371397 0.800979
vt 0.304758 0.789362
vt 0.324629 0.791511
vt 0.284503 0.783581
vt 0.267461 0.775892
vt 0.253687 0.769215
vt 0.230237 0.755981
vt 0.242059 0.762613
vt 0.217731 0.749528
vt 0.183377 0.748014
vt 0.187962 0.743727
vt 0.311490 0.779949
vt 0.329918 0.781530
vt 0.290721 0.774102
vt 0.273547 0.766452
vt 0.260288 0.760089
vt 0.235886 0.746939
vt 0.248415 0.753505
vt 0.222401 0.741441
vt 0.204890 0.742222
vt 0.208397 0.735350
vt 0.316075 0.769955
vt 0.333298 0.772737
vt 0.295838 0.763512
vt 0.279859 0.755606
vt 0.268046 0.749659
vt 0.242987 0.736461
vt 0.256259 0.743627
vt 0.228481 0.731269
vt 0.212880 0.726121
vt 0.380530 0.773064
vt 0.371258 0.776475
vt 0.371621 0.765129
vt 0.380530 0.760407
vt 0.320649 0.758363
vt 0.336921 0.760037
vt 0.300974 0.752407
vt 0.287205 0.744378
vt 0.277458 0.736985
vt 0.251470 0.723519
vt 0.266126 0.731681
vt 0.235447 0.717640
vt 0.218345 0.713378
vt 0.374353 0.745493
vt 0.380530 0.743162
vt 0.380530 0.791168
vt 0.371324 0.791304
vt 0.317956 0.870535
vt 0.309444 0.875106
vt 0.263631 0.865612
vt 0.245860 0.856433
vt 0.230868 0.849030
vt 0.217949 0.843636
vt 0.209124 0.840790
vt 0.561657 0.829973
vt 0.557657 0.821619
vt 0.563127 0.820587
vt 0.565619 0.826140
vt 0.563011 0.829781
vt 0.623931 0.760541
vt 0.360050 0.791926
vt 0.363859 0.768079
vt 0.366368 0.750475
vt 0.324051 0.826969
vt 0.342480 0.824726
vt 0.361696 0.779261
vt 0.358276 0.823324
vt 0.307991 0.831184
vt 0.355998 0.852895
vt 0.346304 0.856262
vt 0.365083 0.851835
vt 0.336444 0.860941
vt 0.286102 0.868548
vt 0.294459 0.862102
vt 0.301842 0.879958
vt 0.295751 0.883480
vt 0.270345 0.910563
vt 0.268054 0.918966
vt 0.263571 0.944530
vt 0.262385 0.950945
vt 0.273177 0.903630
vt 0.261378 0.956178
vt 0.264291 0.937236
vt 0.277115 0.897718
vt 0.288530 0.887771
vt 0.282163 0.892732
vt 0.265370 0.929347
vt 0.266288 0.884166
vt 0.262174 0.889523
vt 0.256689 0.924107
vt 0.256659 0.933204
vt 0.272079 0.879130
vt 0.257976 0.912699
vt 0.258287 0.903252
vt 0.259800 0.896055
vt 0.256506 0.941205
vt 0.256058 0.948783
vt 0.255158 0.954843
vt 0.249585 0.947285
vt 0.249210 0.954370
vt 0.248307 0.899039
vt 0.248859 0.907926
vt 0.248856 0.919288
vt 0.249329 0.929450
vt 0.256962 0.871015
vt 0.252564 0.876945
vt 0.249454 0.938536
vt 0.249399 0.883237
vt 0.248269 0.890750
vt 0.302702 0.857885
vt 0.348339 0.837644
vt 0.336393 0.841004
vt 0.360042 0.836272
vt 0.324827 0.847386
vt 0.278581 0.874128
vt 0.375530 0.850719
vt 0.380530 0.851790
vt 0.371533 0.835724
vt 0.380530 0.838656
vt 0.370471 0.822631
vt 0.380530 0.822414
vt 0.341991 0.791681
vt 0.344767 0.781917
vt 0.348167 0.771751
vt 0.351834 0.758673
vt 0.243178 0.946783
vt 0.243165 0.954552
vt 0.238605 0.869624
vt 0.237369 0.877606
vt 0.242886 0.937001
vt 0.242373 0.926688
vt 0.237846 0.886514
vt 0.239178 0.896045
vt 0.240733 0.906235
vt 0.241596 0.916621
vt 0.241224 0.862617
vt 0.230623 0.893834
vt 0.233057 0.905627
vt 0.234531 0.916394
vt 0.235734 0.925995
vt 0.226712 0.855873
vt 0.224944 0.863414
vt 0.237252 0.947680
vt 0.237613 0.955185
vt 0.225952 0.872772
vt 0.236574 0.937415
vt 0.228094 0.882642
vt 0.225739 0.906539
vt 0.219250 0.910581
vt 0.216083 0.900041
vt 0.221393 0.892190
vt 0.155883 0.692159
vt 0.160402 0.685655
vt 0.167293 0.691813
vt 0.161812 0.699316
vt 0.213213 0.914650
vt 0.210729 0.905797
vt 0.147746 0.702481
vt 0.151589 0.697208
vt 0.157557 0.704464
vt 0.152965 0.709724
vt 0.227694 0.918172
vt 0.221200 0.920865
vt 0.149705 0.685835
vt 0.154456 0.680131
vt 0.214939 0.923380
vt 0.142109 0.695962
vt 0.145689 0.690506
vt 0.228942 0.928981
vt 0.222885 0.931768
vt 0.144519 0.680972
vt 0.149080 0.675535
vt 0.217099 0.933922
vt 0.137133 0.689793
vt 0.140576 0.685571
vt 0.230350 0.938797
vt 0.223908 0.940438
vt 0.139419 0.676273
vt 0.143968 0.671106
vt 0.218069 0.942097
vt 0.132074 0.684607
vt 0.135501 0.680603
vt 0.231124 0.947867
vt 0.224881 0.948791
vt 0.133853 0.672051
vt 0.138771 0.666424
vt 0.218816 0.950080
vt 0.126751 0.679482
vt 0.130058 0.675935
vt 0.231907 0.956092
vt 0.225940 0.957217
vt 0.127244 0.666495
vt 0.132177 0.660616
vt 0.220770 0.958300
vt 0.120482 0.674153
vt 0.123704 0.670501
vt 0.214819 0.851677
vt 0.215132 0.860479
vt 0.216349 0.869244
vt 0.219095 0.879025
vt 0.193580 0.882926
vt 0.192221 0.888133
vt 0.188353 0.886460
vt 0.188917 0.881600
vt 0.206655 0.849193
vt 0.207106 0.858011
vt 0.163651 0.711209
vt 0.169256 0.705615
vt 0.177561 0.712006
vt 0.171058 0.718624
vt 0.208689 0.866323
vt 0.175121 0.698584
vt 0.183562 0.704652
vt 0.211302 0.874785
vt 0.199870 0.884493
vt 0.198478 0.890226
vt 0.183712 0.722899
vt 0.181120 0.728431
vt 0.171072 0.725074
vt 0.161296 0.721115
vt 0.163652 0.725397
vt 0.200883 0.847464
vt 0.200766 0.856134
vt 0.188205 0.716135
vt 0.202713 0.864312
vt 0.193235 0.708151
vt 0.204888 0.872120
vt 0.212937 0.884074
vt 0.206320 0.879925
vt 0.211160 0.892042
vt 0.205696 0.887193
vt 0.171418 0.729346
vt 0.165601 0.728901
vt 0.179751 0.732778
vt 0.198512 0.846835
vt 0.196011 0.854732
vt 0.195869 0.850389
vt 0.197587 0.863008
vt 0.199209 0.870608
vt 0.200234 0.877823
vt 0.188795 0.875913
vt 0.194160 0.876610
vt 0.171418 0.733983
vt 0.166622 0.732563
vt 0.178203 0.737541
vt 0.192356 0.734746
vt 0.190393 0.739406
vt 0.186028 0.857942
vt 0.191231 0.854912
vt 0.192439 0.862058
vt 0.186503 0.861308
vt 0.193543 0.869639
vt 0.187882 0.869023
vt 0.181646 0.874439
vt 0.182502 0.879595
vt 0.169732 0.739673
vt 0.166195 0.737158
vt 0.174944 0.743662
vt 0.558398 0.839153
vt 0.555687 0.831297
vt 0.562539 0.832929
vt 0.561880 0.838350
vt 0.181506 0.861067
vt 0.180745 0.868246
vt 0.179974 0.861848
vt 0.172498 0.867288
vt 0.173031 0.872998
vt 0.173734 0.877600
vt 0.166033 0.745831
vt 0.163458 0.742561
vt 0.169104 0.749346
vt 0.592614 0.799124
vt 0.591395 0.788799
vt 0.605401 0.793079
vt 0.596547 0.799286
vt 0.177093 0.753595
vt 0.172362 0.865902
vt 0.194900 0.728660
vt 0.198881 0.720759
vt 0.202979 0.893374
vt 0.192766 0.854059
vt 0.182486 0.884064
vt 0.174197 0.881576
vt 0.157432 0.715855
vt 0.203624 0.710656
vt 0.207243 0.898439
vt 0.161097 0.755372
vt 0.158761 0.751620
vt 0.580953 0.806761
vt 0.577784 0.797577
vt 0.593129 0.801566
vt 0.585167 0.807023
vt 0.165348 0.759923
vt 0.170604 0.866985
vt 0.163509 0.871413
vt 0.163488 0.870875
vt 0.170908 0.777971
vt 0.156640 0.748998
vt 0.168583 0.767366
vt 0.150432 0.760202
vt 0.151978 0.764704
vt 0.162842 0.871290
vt 0.325918 0.696282
vt 0.325225 0.696122
vt 0.325271 0.694914
vt 0.326485 0.695189
vt 0.323710 0.698929
vt 0.324255 0.699347
vt 0.323606 0.700489
vt 0.322669 0.699751
vt 0.324526 0.696209
vt 0.324068 0.695074
vt 0.324935 0.699535
vt 0.324795 0.700829
vt 0.323906 0.696541
vt 0.323016 0.695638
vt 0.325646 0.699452
vt 0.326036 0.700702
vt 0.323485 0.697060
vt 0.322294 0.696527
vt 0.326932 0.697937
vt 0.326847 0.697267
vt 0.328120 0.696876
vt 0.328273 0.698039
vt 0.326278 0.699120
vt 0.327138 0.700124
vt 0.323295 0.697694
vt 0.321973 0.697611
vt 0.326491 0.696684
vt 0.327490 0.695879
vt 0.326732 0.698590
vt 0.327930 0.699177
vt 0.323372 0.698352
vt 0.322091 0.698737
vt 0.325350 0.692293
vt 0.327872 0.692842
vt 0.321888 0.703791
vt 0.319988 0.702207
vt 0.322866 0.692650
vt 0.324337 0.704564
vt 0.320695 0.693800
vt 0.326942 0.704333
vt 0.319288 0.695629
vt 0.331298 0.696326
vt 0.331637 0.698756
vt 0.329283 0.703139
vt 0.318654 0.697814
vt 0.329981 0.694263
vt 0.330933 0.701159
vt 0.318869 0.700104
vt 0.324374 0.713549
vt 0.318982 0.711853
vt 0.316682 0.691905
vt 0.321175 0.689600
vt 0.330147 0.713219
vt 0.313372 0.695360
vt 0.339548 0.697069
vt 0.340372 0.702022
vt 0.335277 0.710831
vt 0.312114 0.699601
vt 0.336587 0.692890
vt 0.338903 0.706951
vt 0.312306 0.704197
vt 0.331984 0.690110
vt 0.314860 0.708448
vt 0.326506 0.688700
vt 0.311358 0.713440
vt 0.316987 0.718055
vt 0.314645 0.725977
vt 0.307605 0.718656
vt 0.327265 0.686231
vt 0.319973 0.687212
vt 0.318234 0.684231
vt 0.328487 0.683537
vt 0.324313 0.720524
vt 0.323942 0.729704
vt 0.313015 0.689844
vt 0.308354 0.687709
vt 0.332171 0.720201
vt 0.334188 0.730246
vt 0.309150 0.694913
vt 0.302500 0.694613
vt 0.346073 0.705114
vt 0.344959 0.698346
vt 0.352210 0.699863
vt 0.353483 0.708546
vt 0.339153 0.717059
vt 0.344300 0.725898
vt 0.306900 0.701443
vt 0.300836 0.703323
vt 0.340928 0.692603
vt 0.347755 0.692280
vt 0.344044 0.711763
vt 0.351480 0.717877
vt 0.307408 0.707743
vt 0.302508 0.711372
vt 0.335554 0.688421
vt 0.340000 0.685837
vt 0.323890 0.738944
vt 0.311010 0.734028
vt 0.303851 0.684958
vt 0.315572 0.680656
vt 0.336630 0.738833
vt 0.294437 0.693746
vt 0.360803 0.700915
vt 0.362763 0.712900
vt 0.348518 0.734452
vt 0.293125 0.705393
vt 0.353608 0.690362
vt 0.359136 0.724467
vt 0.293880 0.719014
vt 0.344331 0.683326
vt 0.301541 0.727222
vt 0.329246 0.679444
vt 0.305619 0.742885
vt 0.294513 0.735458
vt 0.310281 0.674186
vt 0.329924 0.674209
vt 0.323490 0.750222
vt 0.295493 0.681199
vt 0.337184 0.750077
vt 0.284906 0.692600
vt 0.369280 0.700475
vt 0.371002 0.715843
vt 0.351153 0.744644
vt 0.284548 0.708186
vt 0.360394 0.686699
vt 0.367562 0.731323
vt 0.285925 0.725501
vt 0.347732 0.678947
vt 0.374496 0.730693
vt 0.374833 0.715137
vt 0.373055 0.699350
vt 0.369639 0.685893
vt 0.380530 0.730552
vt 0.380530 0.712563
vt 0.380530 0.698992
vt 0.380530 0.685385
vt 0.257073 0.710465
vt 0.270221 0.717656
vt 0.957045 0.483168
vt 0.953587 0.483168
vt 0.953254 0.477459
vt 0.953414 0.476003
vt 0.384872 0.944152
vt 0.386640 0.943907
vt 0.385509 0.950366
vt 0.384361 0.950586
vt 0.415436 0.926882
vt 0.418799 0.929096
vt 0.414898 0.928885
vt 0.403998 0.921468
vt 0.407985 0.923064
vt 0.406252 0.929833
vt 0.402352 0.930936
vt 0.342261 0.929096
vt 0.420844 0.914559
vt 0.426174 0.917636
vt 0.420015 0.929167
vt 0.374421 0.943907
vt 0.956678 0.490247
vt 0.953414 0.490332
vt 0.953254 0.488876
vt 0.357063 0.921468
vt 0.358709 0.930936
vt 0.362871 0.932474
vt 0.431979 0.921085
vt 0.437781 0.924429
vt 0.433818 0.930442
vt 0.426602 0.929548
vt 0.977064 0.506097
vt 0.974461 0.515866
vt 0.965972 0.511436
vt 0.967850 0.502309
vt 0.397754 0.932426
vt 0.398190 0.932474
vt 0.397720 0.932741
vt 0.385354 0.932303
vt 0.389272 0.932218
vt 0.388844 0.939630
vt 0.375552 0.950366
vt 0.399224 0.920338
vt 0.443869 0.929322
vt 0.454699 0.918324
vt 0.460491 0.923794
vt 0.450340 0.934974
vt 0.449521 0.934720
vt 0.326925 0.865893
vt 0.339260 0.878609
vt 0.348348 0.892311
vt 0.354063 0.908052
vt 0.313478 0.853072
vt 0.293954 0.836730
vt 0.276491 0.827240
vt 0.261197 0.821632
vt 0.248598 0.815782
vt 0.236716 0.809912
vt 0.226890 0.805250
vt 0.218747 0.801093
vt 0.211762 0.798539
vt 0.205399 0.797215
vt 0.196233 0.796863
vt 0.153759 0.791591
vt 0.207350 0.918490
vt 0.205245 0.910212
vt 0.209844 0.926322
vt 0.211652 0.935905
vt 0.212975 0.943576
vt 0.214111 0.951460
vt 0.216070 0.959342
vt 0.198659 0.898193
vt 0.194694 0.894717
vt 0.190194 0.892176
vt 0.186140 0.889989
vt 0.181453 0.887788
vt 0.174245 0.885495
vt 0.202093 0.903326
vt 0.164578 0.883221
vt 0.201802 0.922349
vt 0.199056 0.914014
vt 0.204650 0.930304
vt 0.206619 0.937923
vt 0.208068 0.945038
vt 0.209529 0.952303
vt 0.211492 0.960317
vt 0.192779 0.901756
vt 0.190126 0.898018
vt 0.187125 0.895421
vt 0.183866 0.893135
vt 0.179546 0.890818
vt 0.173576 0.888926
vt 0.196024 0.907169
vt 0.164627 0.886727
vt 0.148970 0.664749
vt 0.154088 0.668918
vt 0.181338 0.689481
vt 0.189961 0.694519
vt 0.159437 0.673430
vt 0.242029 0.702735
vt 0.199040 0.697275
vt 0.209461 0.698732
vt 0.224247 0.700006
vt 0.165416 0.678484
vt 0.137297 0.654122
vt 0.143700 0.660072
vt 0.172516 0.684055
vt 0.147645 0.652830
vt 0.153754 0.657529
vt 0.230096 0.685792
vt 0.245976 0.689539
vt 0.141772 0.647790
vt 0.170774 0.669749
vt 0.178477 0.674091
vt 0.187784 0.678751
vt 0.196639 0.682719
vt 0.164575 0.665205
vt 0.205625 0.684082
vt 0.159114 0.661322
vt 0.216324 0.685072
vt 0.260240 0.698355
vt 0.222584 0.670225
vt 0.236090 0.670773
vt 0.152589 0.644950
vt 0.158378 0.649102
vt 0.250755 0.674076
vt 0.146748 0.639740
vt 0.176598 0.658849
vt 0.184387 0.662051
vt 0.193828 0.665190
vt 0.202889 0.668083
vt 0.170056 0.655300
vt 0.211611 0.669537
vt 0.164346 0.652161
vt 0.264447 0.682885
vt 0.229920 0.653618
vt 0.242674 0.655303
vt 0.157444 0.635206
vt 0.163548 0.637698
vt 0.255922 0.658562
vt 0.151331 0.631703
vt 0.181846 0.645471
vt 0.189367 0.647667
vt 0.198716 0.649850
vt 0.208619 0.652208
vt 0.175362 0.643124
vt 0.219866 0.653136
vt 0.169560 0.640879
vt 0.269360 0.665036
vt 0.235677 0.637236
vt 0.247657 0.638283
vt 0.163047 0.623830
vt 0.168492 0.626614
vt 0.261559 0.642074
vt 0.156400 0.620683
vt 0.186050 0.632110
vt 0.193144 0.634012
vt 0.202411 0.635484
vt 0.214565 0.636142
vt 0.179894 0.630382
vt 0.224942 0.636742
vt 0.174105 0.628755
vt 0.274457 0.647690
vt 0.239055 0.621363
vt 0.250774 0.623092
vt 0.166443 0.613271
vt 0.171878 0.615493
vt 0.264560 0.625817
vt 0.159437 0.611400
vt 0.189989 0.620141
vt 0.197705 0.620921
vt 0.207414 0.621009
vt 0.217910 0.621257
vt 0.183468 0.619085
vt 0.228320 0.621340
vt 0.177556 0.617362
vt 0.277429 0.629825
vt 0.264940 0.610347
vt 0.277770 0.612720
vt 0.240110 0.606957
vt 0.251180 0.608433
vt 0.168885 0.603949
vt 0.174448 0.605214
vt 0.161780 0.602272
vt 0.192720 0.608336
vt 0.200766 0.608277
vt 0.210392 0.608090
vt 0.220207 0.607472
vt 0.185963 0.607871
vt 0.230149 0.607168
vt 0.179998 0.606874
vt 0.176292 0.596210
vt 0.181687 0.597395
vt 0.263601 0.598568
vt 0.276075 0.600283
vt 0.239868 0.595141
vt 0.250380 0.596249
vt 0.170465 0.595060
vt 0.162756 0.594393
vt 0.194547 0.597973
vt 0.203168 0.597300
vt 0.211948 0.597024
vt 0.221546 0.596230
vt 0.187612 0.597979
vt 0.230709 0.595653
vt 0.230523 0.587020
vt 0.230296 0.579035
vt 0.239515 0.579066
vt 0.239246 0.587022
vt 0.176523 0.588466
vt 0.182687 0.589528
vt 0.262791 0.588912
vt 0.262086 0.580329
vt 0.274350 0.581491
vt 0.275054 0.590303
vt 0.249861 0.579530
vt 0.250362 0.587745
vt 0.170580 0.587444
vt 0.162948 0.586878
vt 0.195881 0.589935
vt 0.204130 0.588987
vt 0.188729 0.590050
vt 0.229773 0.570749
vt 0.239357 0.570239
vt 0.176805 0.582488
vt 0.176194 0.576468
vt 0.182411 0.576169
vt 0.182920 0.582847
vt 0.249286 0.570901
vt 0.170347 0.582272
vt 0.169736 0.577060
vt 0.261737 0.571313
vt 0.162690 0.582205
vt 0.162250 0.577728
vt 0.196524 0.582326
vt 0.195999 0.574590
vt 0.203986 0.573360
vt 0.204421 0.581357
vt 0.189087 0.582864
vt 0.188870 0.575593
vt 0.273111 0.703919
vt 0.275920 0.689271
vt 0.289759 0.614288
vt 0.287971 0.602025
vt 0.301423 0.602726
vt 0.302578 0.616075
vt 0.289895 0.633049
vt 0.301957 0.635657
vt 0.287191 0.652569
vt 0.359753 0.600939
vt 0.359876 0.587342
vt 0.370792 0.588286
vt 0.369993 0.601827
vt 0.299966 0.656183
vt 0.380530 0.589941
vt 0.380530 0.602970
vt 0.313779 0.657074
vt 0.330818 0.661332
vt 0.346023 0.599292
vt 0.346736 0.585857
vt 0.281770 0.672501
vt 0.358962 0.635896
vt 0.359095 0.618572
vt 0.370142 0.620787
vt 0.370057 0.638369
vt 0.315636 0.638719
vt 0.331530 0.643717
vt 0.380530 0.620914
vt 0.380530 0.639221
vt 0.346557 0.631518
vt 0.346253 0.615495
vt 0.359447 0.653699
vt 0.370259 0.656084
vt 0.380530 0.657314
vt 0.347080 0.649765
vt 0.316625 0.617982
vt 0.331830 0.623481
vt 0.347552 0.666892
vt 0.358753 0.670726
vt 0.369255 0.673239
vt 0.380530 0.672843
vt 0.315961 0.604579
vt 0.331719 0.609667
vt 0.315747 0.594549
vt 0.315135 0.584618
vt 0.331394 0.585463
vt 0.331898 0.597222
vt 0.300674 0.593168
vt 0.300559 0.583715
vt 0.287208 0.592000
vt 0.286972 0.582761
vt 0.221976 0.587175
vt 0.213104 0.588022
vt 0.371338 0.581847
vt 0.380530 0.581510
vt 0.222010 0.579281
vt 0.213091 0.580192
vt 0.229437 0.568786
vt 0.221673 0.571016
vt 0.221369 0.569479
vt 0.212438 0.571952
vt 0.952928 0.483168
vt 0.955113 0.467979
vt 0.962263 0.490713
vt 0.968530 0.491339
vt 0.961067 0.499963
vt 0.443004 0.908327
vt 0.448961 0.913339
vt 0.454966 0.898100
vt 0.460689 0.901974
vt 0.430429 0.901790
vt 0.436832 0.904845
vt 0.443145 0.891229
vt 0.448406 0.894127
vt 0.977804 0.492641
vt 0.992106 0.497377
vt 0.990140 0.514495
vt 0.382552 0.951394
vt 0.382695 0.945153
vt 0.382886 0.932480
vt 0.383348 0.918562
vt 0.385479 0.918694
vt 0.396638 0.905456
vt 0.394230 0.919450
vt 0.389394 0.918952
vt 0.390989 0.903992
vt 0.388738 0.886407
vt 0.394001 0.888334
vt 0.386720 0.903036
vt 0.384116 0.902813
vt 0.384575 0.885820
vt 0.400137 0.889168
vt 0.385771 0.868808
vt 0.391219 0.870442
vt 0.393717 0.931919
vt 0.406258 0.872849
vt 0.398571 0.870439
vt 0.424187 0.898337
vt 0.436385 0.886586
vt 0.415912 0.911745
vt 0.411266 0.924436
vt 0.467208 0.906368
vt 0.441906 0.932197
vt 0.473222 0.912998
vt 0.477896 0.919662
vt 0.466166 0.930336
vt 0.458583 0.938507
vt 0.482480 0.927135
vt 0.470995 0.936819
vt 0.465395 0.942690
vt 0.485995 0.935450
vt 0.476441 0.943811
vt 0.470824 0.948156
vt 0.488707 0.942437
vt 0.480029 0.949383
vt 0.475136 0.953455
vt 0.484991 0.958974
vt 0.492611 0.953924
vt 0.494562 0.957822
vt 0.486744 0.962204
vt 0.481064 0.962321
vt 0.482564 0.965072
vt 0.958195 0.499150
vt 0.959640 0.490435
vt 0.406590 0.890891
vt 0.414076 0.874491
vt 0.401815 0.906483
vt 0.411724 0.909462
vt 0.418181 0.894985
vt 0.429404 0.882802
vt 0.482697 0.954370
vt 0.490684 0.948845
vt 0.478499 0.957979
vt 0.957366 0.502953
vt 0.960107 0.506505
vt 0.987872 0.520190
vt 0.955292 0.498888
vt 0.955402 0.498390
vt 0.393484 0.934899
vt 0.410281 0.929111
vt 0.491767 0.858633
vt 0.485193 0.850176
vt 0.503435 0.840623
vt 0.510398 0.848891
vt 0.520013 0.834484
vt 0.525967 0.841650
vt 0.531774 0.828387
vt 0.538617 0.835771
vt 0.542864 0.825026
vt 0.548350 0.832788
vt 0.551343 0.823323
vt 0.569719 0.821188
vt 0.477443 0.842310
vt 0.495372 0.833251
vt 0.510880 0.827996
vt 0.522881 0.821965
vt 0.534277 0.816826
vt 0.543739 0.814007
vt 0.551081 0.811847
vt 0.557380 0.810138
vt 0.582005 0.809514
vt 0.469369 0.820570
vt 0.448973 0.813543
vt 0.474310 0.807020
vt 0.487799 0.814528
vt 0.492507 0.801274
vt 0.502368 0.809061
vt 0.506095 0.794025
vt 0.514522 0.802595
vt 0.518772 0.787688
vt 0.525549 0.796789
vt 0.534857 0.791419
vt 0.529190 0.781576
vt 0.539381 0.775454
vt 0.542974 0.787721
vt 0.551231 0.767216
vt 0.550625 0.784703
vt 0.561080 0.767989
vt 0.560273 0.784213
vt 0.574678 0.772143
vt 0.575287 0.786111
vt 0.422879 0.812879
vt 0.402130 0.811900
vt 0.402005 0.801690
vt 0.421928 0.801090
vt 0.442145 0.801399
vt 0.464209 0.798129
vt 0.483854 0.792261
vt 0.499508 0.784420
vt 0.513228 0.777824
vt 0.524331 0.771641
vt 0.535356 0.764859
vt 0.547054 0.757072
vt 0.558901 0.747728
vt 0.562169 0.753051
vt 0.568233 0.756018
vt 0.577659 0.759602
vt 0.389663 0.800979
vt 0.389843 0.811051
vt 0.436431 0.791511
vt 0.456302 0.789362
vt 0.476558 0.783581
vt 0.493600 0.775892
vt 0.507373 0.769215
vt 0.519002 0.762613
vt 0.530823 0.755981
vt 0.543329 0.749528
vt 0.573099 0.743727
vt 0.577683 0.748014
vt 0.431143 0.781530
vt 0.449571 0.779949
vt 0.470340 0.774102
vt 0.487513 0.766452
vt 0.500773 0.760089
vt 0.512646 0.753505
vt 0.525175 0.746939
vt 0.538659 0.741441
vt 0.552663 0.735350
vt 0.556170 0.742222
vt 0.427763 0.772737
vt 0.444986 0.769955
vt 0.465223 0.763512
vt 0.481202 0.755606
vt 0.493015 0.749659
vt 0.504801 0.743627
vt 0.518073 0.736461
vt 0.532579 0.731269
vt 0.548180 0.726121
vt 0.389440 0.765129
vt 0.389802 0.776475
vt 0.424140 0.760037
vt 0.440412 0.758363
vt 0.460087 0.752407
vt 0.473855 0.744378
vt 0.483603 0.736985
vt 0.494934 0.731681
vt 0.509590 0.723519
vt 0.525613 0.717640
vt 0.542715 0.713378
vt 0.386707 0.745493
vt 0.389737 0.791304
vt 0.443104 0.870535
vt 0.451616 0.875106
vt 0.497430 0.865612
vt 0.515200 0.856433
vt 0.530193 0.849030
vt 0.543111 0.843636
vt 0.551937 0.840790
vt 0.401010 0.791926
vt 0.394692 0.750475
vt 0.397201 0.768079
vt 0.437010 0.826969
vt 0.418580 0.824726
vt 0.399364 0.779261
vt 0.402784 0.823324
vt 0.453070 0.831184
vt 0.405062 0.852895
vt 0.414757 0.856262
vt 0.395978 0.851835
vt 0.424616 0.860941
vt 0.474959 0.868548
vt 0.466601 0.862102
vt 0.459218 0.879958
vt 0.465310 0.883480
vt 0.490715 0.910563
vt 0.493007 0.918966
vt 0.497490 0.944530
vt 0.498676 0.950945
vt 0.487884 0.903630
vt 0.499683 0.956178
vt 0.496769 0.937236
vt 0.483946 0.897718
vt 0.472531 0.887771
vt 0.478897 0.892732
vt 0.495690 0.929347
vt 0.494772 0.884166
vt 0.498886 0.889523
vt 0.504372 0.924107
vt 0.504402 0.933204
vt 0.488982 0.879130
vt 0.503085 0.912699
vt 0.502774 0.903252
vt 0.501260 0.896055
vt 0.504554 0.941205
vt 0.505002 0.948783
vt 0.505903 0.954843
vt 0.512753 0.899039
vt 0.512201 0.907926
vt 0.512204 0.919288
vt 0.511731 0.929450
vt 0.504099 0.871015
vt 0.508497 0.876945
vt 0.511607 0.938536
vt 0.511662 0.883237
vt 0.511476 0.947285
vt 0.512792 0.890750
vt 0.458359 0.857885
vt 0.412722 0.837644
vt 0.424668 0.841004
vt 0.401019 0.836272
vt 0.436234 0.847386
vt 0.482480 0.874128
vt 0.385530 0.850719
vt 0.389527 0.835724
vt 0.390590 0.822631
vt 0.416294 0.781917
vt 0.419069 0.791681
vt 0.412893 0.771751
vt 0.409227 0.758673
vt 0.517883 0.946783
vt 0.517896 0.954552
vt 0.511850 0.954370
vt 0.522455 0.869624
vt 0.523692 0.877606
vt 0.518687 0.926688
vt 0.518175 0.937001
vt 0.523214 0.886514
vt 0.521882 0.896045
vt 0.520328 0.906235
vt 0.519464 0.916621
vt 0.519837 0.862617
vt 0.530438 0.893834
vt 0.528004 0.905627
vt 0.526530 0.916394
vt 0.525326 0.925995
vt 0.534348 0.855873
vt 0.536116 0.863414
vt 0.523808 0.947680
vt 0.523447 0.955185
vt 0.535109 0.872772
vt 0.524487 0.937415
vt 0.532967 0.882642
vt 0.535322 0.906539
vt 0.539667 0.892190
vt 0.544978 0.900041
vt 0.541811 0.910581
vt 0.605178 0.692159
vt 0.599249 0.699316
vt 0.593768 0.691813
vt 0.600659 0.685655
vt 0.550331 0.905797
vt 0.547848 0.914650
vt 0.613314 0.702481
vt 0.608095 0.709724
vt 0.603503 0.704464
vt 0.609472 0.697208
vt 0.533366 0.918172
vt 0.539861 0.920865
vt 0.611355 0.685835
vt 0.606604 0.680131
vt 0.546122 0.923380
vt 0.618951 0.695962
vt 0.615371 0.690506
vt 0.532119 0.928981
vt 0.538175 0.931768
vt 0.616542 0.680972
vt 0.611980 0.675535
vt 0.543962 0.933922
vt 0.623927 0.689793
vt 0.620485 0.685571
vt 0.530711 0.938797
vt 0.537153 0.940438
vt 0.621642 0.676273
vt 0.617092 0.671106
vt 0.542992 0.942097
vt 0.628986 0.684607
vt 0.625560 0.680603
vt 0.529936 0.947867
vt 0.536179 0.948791
vt 0.627208 0.672051
vt 0.622290 0.666424
vt 0.542244 0.950080
vt 0.634309 0.679482
vt 0.631002 0.675935
vt 0.529153 0.956092
vt 0.535120 0.957217
vt 0.633817 0.666495
vt 0.628883 0.660616
vt 0.540291 0.958300
vt 0.640579 0.674153
vt 0.637357 0.670501
vt 0.546242 0.851677
vt 0.545929 0.860479
vt 0.544711 0.869244
vt 0.541965 0.879025
vt 0.567481 0.882926
vt 0.572143 0.881600
vt 0.572707 0.886460
vt 0.568839 0.888133
vt 0.554405 0.849193
vt 0.553954 0.858011
vt 0.597410 0.711209
vt 0.590002 0.718624
vt 0.583500 0.712006
vt 0.591804 0.705615
vt 0.552372 0.866323
vt 0.577498 0.704652
vt 0.585939 0.698584
vt 0.549758 0.874785
vt 0.561191 0.884493
vt 0.562582 0.890226
vt 0.589989 0.725074
vt 0.579941 0.728431
vt 0.577349 0.722899
vt 0.599765 0.721115
vt 0.597408 0.725397
vt 0.560178 0.847464
vt 0.560294 0.856134
vt 0.572856 0.716135
vt 0.558347 0.864312
vt 0.567826 0.708151
vt 0.556172 0.872120
vt 0.554740 0.879925
vt 0.548124 0.884074
vt 0.555364 0.887193
vt 0.549901 0.892042
vt 0.595459 0.728901
vt 0.589643 0.729346
vt 0.581309 0.732778
vt 0.565192 0.850389
vt 0.565050 0.854732
vt 0.562548 0.846835
vt 0.563473 0.863008
vt 0.561852 0.870608
vt 0.560826 0.877823
vt 0.572266 0.875913
vt 0.566901 0.876610
vt 0.594438 0.732563
vt 0.589642 0.733983
vt 0.582857 0.737541
vt 0.568705 0.734746
vt 0.570668 0.739406
vt 0.575032 0.857942
vt 0.574557 0.861308
vt 0.568621 0.862058
vt 0.569830 0.854912
vt 0.573179 0.869023
vt 0.567518 0.869639
vt 0.579415 0.874439
vt 0.578559 0.879595
vt 0.594866 0.737158
vt 0.591329 0.739673
vt 0.586117 0.743662
vt 0.579555 0.861067
vt 0.581086 0.861848
vt 0.580315 0.868246
vt 0.588563 0.867288
vt 0.588030 0.872998
vt 0.587327 0.877600
vt 0.597603 0.742561
vt 0.595027 0.745831
vt 0.591956 0.749346
vt 0.583968 0.753595
vt 0.588699 0.865902
vt 0.562180 0.720759
vt 0.566161 0.728660
vt 0.558082 0.893374
vt 0.568295 0.854059
vt 0.578575 0.884064
vt 0.586864 0.881576
vt 0.603628 0.715855
vt 0.557437 0.710656
vt 0.553817 0.898439
vt 0.602299 0.751620
vt 0.599964 0.755372
vt 0.595713 0.759923
vt 0.590457 0.866985
vt 0.597573 0.870875
vt 0.597552 0.871413
vt 0.590152 0.777971
vt 0.604421 0.748998
vt 0.592477 0.767366
vt 0.610628 0.760202
vt 0.609082 0.764704
vt 0.598219 0.871290
vt 0.435142 0.696282
vt 0.434575 0.695189
vt 0.435790 0.694914
vt 0.435835 0.696122
vt 0.437350 0.698929
vt 0.438391 0.699751
vt 0.437455 0.700489
vt 0.436806 0.699347
vt 0.436992 0.695074
vt 0.436535 0.696209
vt 0.436125 0.699535
vt 0.436266 0.700829
vt 0.438045 0.695638
vt 0.437154 0.696541
vt 0.435025 0.700702
vt 0.435415 0.699452
vt 0.438766 0.696527
vt 0.437576 0.697060
vt 0.434128 0.697937
vt 0.432788 0.698039
vt 0.432941 0.696876
vt 0.434213 0.697267
vt 0.433922 0.700124
vt 0.434783 0.699120
vt 0.439088 0.697611
vt 0.437766 0.697694
vt 0.433570 0.695879
vt 0.434570 0.696684
vt 0.434329 0.698590
vt 0.433130 0.699177
vt 0.438970 0.698737
vt 0.437688 0.698352
vt 0.433189 0.692842
vt 0.435710 0.692293
vt 0.441072 0.702207
vt 0.439173 0.703791
vt 0.438195 0.692650
vt 0.436723 0.704564
vt 0.440366 0.693800
vt 0.434118 0.704333
vt 0.441773 0.695629
vt 0.429423 0.698756
vt 0.429762 0.696326
vt 0.431777 0.703139
vt 0.442406 0.697814
vt 0.431079 0.694263
vt 0.430128 0.701159
vt 0.442191 0.700104
vt 0.442079 0.711853
vt 0.436687 0.713549
vt 0.439885 0.689600
vt 0.444379 0.691905
vt 0.430914 0.713219
vt 0.447689 0.695360
vt 0.420689 0.702022
vt 0.421513 0.697069
vt 0.425784 0.710831
vt 0.448947 0.699601
vt 0.424474 0.692890
vt 0.422157 0.706951
vt 0.448755 0.704197
vt 0.429077 0.690110
vt 0.446201 0.708448
vt 0.434555 0.688700
vt 0.449703 0.713440
vt 0.453456 0.718656
vt 0.446416 0.725977
vt 0.444073 0.718055
vt 0.433795 0.686231
vt 0.432573 0.683537
vt 0.442826 0.684231
vt 0.441088 0.687212
vt 0.436748 0.720524
vt 0.437119 0.729704
vt 0.452706 0.687709
vt 0.448045 0.689844
vt 0.426873 0.730246
vt 0.428890 0.720201
vt 0.458561 0.694613
vt 0.451911 0.694913
vt 0.414988 0.705114
vt 0.407578 0.708546
vt 0.408851 0.699863
vt 0.416102 0.698346
vt 0.416760 0.725898
vt 0.421908 0.717059
vt 0.460225 0.703323
vt 0.454160 0.701443
vt 0.413305 0.692280
vt 0.420132 0.692603
vt 0.417016 0.711763
vt 0.409581 0.717877
vt 0.458553 0.711372
vt 0.453653 0.707743
vt 0.421061 0.685837
vt 0.425507 0.688421
vt 0.450051 0.734028
vt 0.437170 0.738944
vt 0.445489 0.680656
vt 0.457210 0.684958
vt 0.424431 0.738833
vt 0.466624 0.693746
vt 0.398297 0.712900
vt 0.400258 0.700915
vt 0.412542 0.734452
vt 0.467936 0.705393
vt 0.407452 0.690362
vt 0.401924 0.724467
vt 0.467181 0.719014
vt 0.416729 0.683326
vt 0.459520 0.727222
vt 0.431814 0.679444
vt 0.466548 0.735458
vt 0.455441 0.742885
vt 0.431136 0.674209
vt 0.450779 0.674186
vt 0.437570 0.750222
vt 0.465568 0.681199
vt 0.423876 0.750077
vt 0.476154 0.692600
vt 0.390058 0.715843
vt 0.391780 0.700475
vt 0.409908 0.744644
vt 0.476513 0.708186
vt 0.400667 0.686699
vt 0.393498 0.731323
vt 0.475135 0.725501
vt 0.413328 0.678947
vt 0.386565 0.730693
vt 0.386228 0.715137
vt 0.388005 0.699350
vt 0.391421 0.685893
vt 0.490839 0.717656
vt 0.503988 0.710465
vt 0.434135 0.865893
vt 0.421801 0.878609
vt 0.412712 0.892311
vt 0.406998 0.908052
vt 0.447582 0.853072
vt 0.467106 0.836730
vt 0.484570 0.827240
vt 0.499863 0.821632
vt 0.512462 0.815782
vt 0.524345 0.809912
vt 0.534170 0.805250
vt 0.542314 0.801093
vt 0.549299 0.798539
vt 0.555662 0.797215
vt 0.564827 0.796863
vt 0.555815 0.910212
vt 0.553711 0.918490
vt 0.551217 0.926322
vt 0.549409 0.935905
vt 0.548086 0.943576
vt 0.546949 0.951460
vt 0.544991 0.959342
vt 0.566366 0.894717
vt 0.562402 0.898193
vt 0.570866 0.892176
vt 0.574920 0.889989
vt 0.579607 0.887788
vt 0.586816 0.885495
vt 0.558967 0.903326
vt 0.596482 0.883221
vt 0.562005 0.914014
vt 0.559259 0.922349
vt 0.556411 0.930304
vt 0.554442 0.937923
vt 0.552993 0.945038
vt 0.551531 0.952303
vt 0.549568 0.960317
vt 0.570934 0.898018
vt 0.568282 0.901756
vt 0.573935 0.895421
vt 0.577195 0.893135
vt 0.581515 0.890818
vt 0.587485 0.888926
vt 0.565037 0.907169
vt 0.596433 0.886727
vt 0.606973 0.668918
vt 0.612091 0.664749
vt 0.571100 0.694519
vt 0.579722 0.689481
vt 0.601623 0.673430
vt 0.519031 0.702735
vt 0.551600 0.698732
vt 0.562021 0.697275
vt 0.536813 0.700006
vt 0.595645 0.678484
vt 0.617360 0.660072
vt 0.623764 0.654122
vt 0.588544 0.684055
vt 0.607307 0.657529
vt 0.613416 0.652830
vt 0.515085 0.689539
vt 0.530964 0.685792
vt 0.619289 0.647790
vt 0.582583 0.674091
vt 0.590286 0.669749
vt 0.564422 0.682719
vt 0.573277 0.678751
vt 0.596485 0.665205
vt 0.555435 0.684082
vt 0.601946 0.661322
vt 0.544736 0.685072
vt 0.500821 0.698355
vt 0.524970 0.670773
vt 0.538477 0.670225
vt 0.602683 0.649102
vt 0.608471 0.644950
vt 0.510305 0.674076
vt 0.614313 0.639740
vt 0.576674 0.662051
vt 0.584462 0.658849
vt 0.558172 0.668083
vt 0.567232 0.665190
vt 0.591004 0.655300
vt 0.549450 0.669537
vt 0.596714 0.652161
vt 0.496614 0.682885
vt 0.518387 0.655303
vt 0.531141 0.653618
vt 0.597513 0.637698
vt 0.603617 0.635206
vt 0.505138 0.658562
vt 0.609730 0.631703
vt 0.571693 0.647667
vt 0.579214 0.645471
vt 0.552442 0.652208
vt 0.562344 0.649850
vt 0.585698 0.643124
vt 0.541194 0.653136
vt 0.591501 0.640879
vt 0.491701 0.665036
vt 0.513403 0.638283
vt 0.525383 0.637236
vt 0.592568 0.626614
vt 0.598014 0.623830
vt 0.499501 0.642074
vt 0.604660 0.620683
vt 0.567917 0.634012
vt 0.575010 0.632110
vt 0.546495 0.636142
vt 0.558649 0.635484
vt 0.581167 0.630382
vt 0.536119 0.636742
vt 0.586955 0.628755
vt 0.486604 0.647690
vt 0.510286 0.623092
vt 0.522006 0.621363
vt 0.589182 0.615493
vt 0.594617 0.613271
vt 0.496501 0.625817
vt 0.601624 0.611400
vt 0.563355 0.620921
vt 0.571072 0.620141
vt 0.543150 0.621257
vt 0.553647 0.621009
vt 0.577592 0.619085
vt 0.532740 0.621340
vt 0.583504 0.617362
vt 0.483632 0.629825
vt 0.483290 0.612720
vt 0.496121 0.610347
vt 0.509880 0.608433
vt 0.520950 0.606957
vt 0.586613 0.605214
vt 0.592176 0.603949
vt 0.560294 0.608277
vt 0.568341 0.608336
vt 0.540853 0.607472
vt 0.550668 0.608090
vt 0.575097 0.607871
vt 0.530912 0.607168
vt 0.581062 0.606874
vt 0.579374 0.597395
vt 0.584769 0.596210
vt 0.484986 0.600283
vt 0.497459 0.598568
vt 0.510681 0.596249
vt 0.521192 0.595141
vt 0.590595 0.595060
vt 0.599280 0.602272
vt 0.598305 0.594393
vt 0.557892 0.597300
vt 0.566514 0.597973
vt 0.539514 0.596230
vt 0.549112 0.597024
vt 0.573449 0.597979
vt 0.530352 0.595653
vt 0.530538 0.587020
vt 0.521815 0.587022
vt 0.521546 0.579066
vt 0.530765 0.579035
vt 0.578373 0.589528
vt 0.584538 0.588466
vt 0.498269 0.588912
vt 0.486006 0.590303
vt 0.486711 0.581491
vt 0.498975 0.580329
vt 0.510699 0.587745
vt 0.511200 0.579530
vt 0.590481 0.587444
vt 0.598112 0.586878
vt 0.556931 0.588987
vt 0.565179 0.589935
vt 0.572331 0.590050
vt 0.521703 0.570239
vt 0.531288 0.570749
vt 0.584256 0.582488
vt 0.578141 0.582847
vt 0.578650 0.576169
vt 0.584866 0.576468
vt 0.511774 0.570901
vt 0.590714 0.582272
vt 0.591325 0.577060
vt 0.499323 0.571313
vt 0.598370 0.582205
vt 0.598811 0.577728
vt 0.564536 0.582326
vt 0.556640 0.581357
vt 0.557075 0.573360
vt 0.565061 0.574590
vt 0.571974 0.582864
vt 0.572190 0.575593
vt 0.487950 0.703919
vt 0.485141 0.689271
vt 0.471302 0.614288
vt 0.458482 0.616075
vt 0.459638 0.602726
vt 0.473090 0.602025
vt 0.471166 0.633049
vt 0.459103 0.635657
vt 0.473869 0.652569
vt 0.401308 0.600939
vt 0.391068 0.601827
vt 0.390269 0.588286
vt 0.401185 0.587342
vt 0.461095 0.656183
vt 0.430243 0.661332
vt 0.447281 0.657074
vt 0.415037 0.599292
vt 0.414325 0.585857
vt 0.479291 0.672501
vt 0.402098 0.635896
vt 0.391003 0.638369
vt 0.390919 0.620787
vt 0.401965 0.618572
vt 0.429530 0.643717
vt 0.445424 0.638719
vt 0.414503 0.631518
vt 0.414808 0.615495
vt 0.401614 0.653699
vt 0.390802 0.656084
vt 0.413981 0.649765
vt 0.429230 0.623481
vt 0.444436 0.617982
vt 0.413508 0.666892
vt 0.402308 0.670726
vt 0.391805 0.673239
vt 0.429341 0.609667
vt 0.445099 0.604579
vt 0.445314 0.594549
vt 0.429162 0.597222
vt 0.429667 0.585463
vt 0.445926 0.584618
vt 0.460501 0.583715
vt 0.460386 0.593168
vt 0.473852 0.592000
vt 0.474088 0.582761
vt 0.539084 0.587175
vt 0.547957 0.588022
vt 0.389723 0.581847
vt 0.539050 0.579281
vt 0.547969 0.580192
vt 0.531624 0.568786
vt 0.539692 0.569479
vt 0.539388 0.571016
vt 0.548623 0.571952
vt 0.955113 0.498356
vt 0.557464 0.570627
vt 0.565615 0.571201
vt 0.548927 0.569796
vt 0.195445 0.571201
vt 0.203597 0.570627
vt 0.212134 0.569796
vt 0.401396 0.581771
vt 0.414764 0.581295
vt 0.239201 0.568475
vt 0.346297 0.581295
vt 0.359665 0.581771
vt 0.521859 0.568475
vt 0.591957 0.573715
vt 0.599115 0.575033
vt 0.511776 0.569456
vt 0.499335 0.570747
vt 0.445726 0.578810
vt 0.460572 0.576791
vt 0.161946 0.575033
vt 0.169103 0.573715
vt 0.249284 0.569456
vt 0.261725 0.570747
vt 0.585568 0.573006
vt 0.474047 0.574567
vt 0.486824 0.572886
vt 0.429799 0.580318
vt 0.491559 0.572075
vt 0.175492 0.573006
vt 0.269502 0.572075
vt 0.274237 0.572886
vt 0.579255 0.572615
vt 0.181806 0.572615
vt 0.300488 0.576791
vt 0.315335 0.578810
vt 0.572803 0.572079
vt 0.188257 0.572079
vt 0.287013 0.574567
vt 0.331262 0.580318
s 1
usemtl Chest_reference
f 211/1/211 33/2/33 34/3/34 186/4/186 212/5/212
f 496/6/496 497/7/497 36/8/36 31/9/31
f 493/10/493 731/11/731 27/12/27 35/13/35
f 495/14/495 496/6/496 31/9/31 26/15/26
f 497/7/497 494/16/494 25/17/25 36/8/36
f 451/18/451 32/19/32 21/20/21 175/21/175 445/22/445
f 1339/23/1339 1340/24/1340 1345/25/1345 425/26/425 407/27/407
f 200/28/200 29/29/29 16/30/16 451/18/451 228/31/228
f 746/32/746 490/33/490 495/14/495 24/34/24 14/35/14
f 731/11/731 746/36/746 14/37/14 27/12/27
f 485/38/485 13/39/13 20/40/20 494/16/494 486/41/486
f 1338/42/1338 1339/23/1339 407/27/407 227/43/227
f 715/44/715 15/45/15 10/46/10 484/47/484 467/48/467
f 493/10/493 12/49/12 8/50/8 476/51/476 480/52/480
f 1344/53/1344 1337/54/1337 1333/55/1333 226/56/226 398/57/398
f 1513/58/1513 489/59/489 426/60/426 1527/61/1527
f 1527/62/1527 426/63/426 464/64/464 1346/65/1346 1341/66/1341
f 196/67/196 7/68/7 1/69/1 715/44/715 714/70/714
f 1348/71/1348 488/72/488 465/73/465 1345/25/1345
f 37/74/37 38/75/38 41/76/41 40/77/40
f 45/78/45 43/79/43 44/80/44 46/81/46
f 47/82/47 45/78/45 46/81/46 48/83/48
f 52/84/52 50/85/50 51/86/51 53/87/53
f 54/88/54 52/84/52 53/87/53 55/89/55
f 117/90/117 62/91/62 61/92/61 116/93/116
f 62/94/62 65/95/65 64/96/64 61/97/61
f 65/95/65 68/98/68 67/99/67 64/96/64
f 68/98/68 73/100/73 71/101/71 67/99/67
f 78/102/78 86/103/86 92/104/92 72/105/72
f 85/106/85 79/107/79 86/103/86 80/108/80
f 73/100/73 79/107/79 77/109/77 71/101/71
f 79/107/79 85/106/85 83/110/83 77/109/77
f 84/111/84 80/108/80 86/103/86 78/102/78
f 79/107/79 73/100/73 92/104/92 86/103/86
f 85/106/85 91/112/91 89/113/89 83/110/83
f 72/105/72 121/114/121 70/115/70 76/116/76
f 77/109/77 83/110/83 87/117/87 81/118/81
f 90/119/90 74/120/74 80/108/80 84/111/84
f 52/84/52 54/88/54 59/121/59 58/122/58
f 50/85/50 52/84/52 58/122/58 57/123/57
f 49/124/49 50/85/50 57/123/57 56/125/56
f 64/96/64 67/99/67 69/126/69 66/127/66
f 644/128/644 43/79/43 51/86/51 634/129/634
f 43/79/43 45/78/45 53/87/53 51/86/51
f 45/78/45 47/82/47 55/89/55 53/87/53
f 46/81/46 96/130/96 97/131/97 48/83/48
f 44/80/44 95/132/95 96/130/96 46/81/46
f 650/133/650 661/134/661 95/132/95 44/80/44
f 96/130/96 98/135/98 99/136/99 97/131/97
f 661/134/661 668/137/668 95/132/95
f 98/135/98 100/138/100 101/139/101 99/136/99
f 651/140/651 635/141/635 100/138/100 98/135/98
f 100/138/100 102/142/102 103/143/103 101/139/101
f 635/141/635 683/144/683 102/142/102 100/138/100
f 102/142/102 104/145/104 105/146/105 103/143/103
f 683/144/683 669/147/669 104/145/104 102/142/102
f 104/145/104 106/148/106 107/149/107 105/146/105
f 669/147/669 652/150/652 106/148/106 104/145/104
f 120/151/120 108/152/108 109/153/109 119/154/119
f 684/155/684 636/156/636 108/152/108 120/151/120
f 1108/157/1108 1109/158/1109 1086/159/1086 483/160/483 482/161/482
f 67/99/67 71/101/71 75/162/75 69/126/69
f 81/118/81 75/162/75 71/101/71 77/109/77
f 83/110/83 89/113/89 93/163/93 87/117/87
f 38/75/38 37/74/37 111/164/111 110/165/110
f 92/104/92 122/166/122 121/114/121 72/105/72
f 73/100/73 68/98/68 122/166/122 92/104/92
f 85/106/85 80/108/80 74/120/74 91/112/91
f 88/167/88 94/168/94 90/119/90 84/111/84
f 82/169/82 88/167/88 84/111/84 78/102/78
f 78/102/78 72/105/72 76/116/76 82/169/82
f 56/125/56 57/123/57 113/170/113 112/171/112
f 57/123/57 58/122/58 114/172/114 113/170/113
f 58/122/58 59/121/59 115/173/115 114/172/114
f 41/76/41 117/90/117 116/93/116 40/77/40
f 123/174/123 120/151/120 119/154/119 124/175/124
f 637/176/637 684/155/684 120/151/120 123/174/123
f 653/177/653 691/178/691 38/75/38 110/165/110
f 691/178/691 654/179/654 41/76/41 38/75/38
f 685/180/685 686/181/686 62/91/62 117/90/117
f 61/97/61 64/96/64 66/127/66 63/182/63
f 116/93/116 61/92/61 63/183/63 118/184/118
f 118/184/118 60/185/60 40/77/40 116/93/116
f 60/185/60 42/186/42 37/74/37 40/77/40
f 111/164/111 37/74/37 42/186/42 39/187/39
f 670/188/670 653/177/653 110/165/110 955/189/955
f 955/189/955 110/165/110 111/164/111 954/190/954
f 671/191/671 672/192/672 70/115/70 121/114/121
f 679/193/679 671/191/671 121/114/121 122/166/122
f 638/194/638 639/195/639 56/125/56 112/171/112
f 678/196/678 49/124/49 56/125/56 639/195/639
f 106/148/106 123/174/123 124/175/124 107/149/107
f 652/150/652 637/176/637 123/174/123 106/148/106
f 224/197/224 223/198/223 156/199/156 166/200/166
f 223/198/223 222/201/222 146/202/146 156/199/156
f 222/201/222 221/203/221 136/204/136 146/202/146
f 221/203/221 220/205/220 126/206/126 136/204/136
f 220/205/220 228/31/228 201/207/201 126/206/126
f 1347/208/1347 473/209/473 488/72/488 1348/71/1348
f 21/20/21 2/210/2 211/1/211 175/21/175
f 2/210/2 33/2/33 211/1/211
f 166/200/166 156/199/156 155/211/155 165/212/165
f 156/199/156 146/202/146 145/213/145 155/211/155
f 146/202/146 136/204/136 135/214/135 145/213/145
f 136/204/136 126/206/126 127/215/127 135/214/135
f 126/206/126 201/207/201 202/216/202 127/215/127
f 445/22/445 175/21/175 176/217/176 444/218/444
f 175/21/175 211/1/211 212/5/212 176/217/176
f 1344/53/1344 487/219/487 489/59/489 1513/58/1513
f 34/3/34 3/220/3 196/67/196 186/4/186
f 158/221/158 148/222/148 149/223/149 159/224/159
f 148/222/148 138/225/138 139/226/139 149/223/149
f 138/225/138 128/227/128 129/228/129 139/226/139
f 128/227/128 203/229/203 204/230/204 129/228/129
f 450/231/450 177/232/177 178/233/178 449/234/449
f 177/232/177 213/235/213 214/236/214 178/233/178
f 213/235/213 187/237/187 188/238/188 214/236/214
f 187/237/187 197/239/197 198/240/198 188/238/188
f 241/241/241 306/242/306 276/243/276 278/244/278
f 159/224/159 149/223/149 150/245/150 160/246/160
f 149/223/149 139/226/139 140/247/140 150/245/150
f 139/226/139 129/228/129 130/248/130 140/247/140
f 129/228/129 204/230/204 205/249/205 130/248/130
f 449/234/449 178/233/178 179/250/179 448/251/448
f 178/233/178 214/236/214 215/252/215 179/250/179
f 214/236/214 433/253/433 423/254/423 215/252/215
f 188/238/188 198/240/198 199/255/199 189/256/189
f 169/257/169 298/258/298 297/259/297 272/260/272
f 160/246/160 150/245/150 151/261/151 161/262/161
f 150/245/150 140/247/140 141/263/141 151/261/151
f 140/247/140 130/248/130 131/264/131 141/263/141
f 130/248/130 205/249/205 206/265/206 131/264/131
f 448/251/448 179/250/179 180/266/180 447/267/447
f 179/250/179 215/252/215 216/268/216 180/266/180
f 189/256/189 422/269/422 413/270/413 433/253/433
f 272/260/272 297/259/297 278/244/278 276/243/276
f 161/262/161 151/261/151 152/271/152 162/272/162
f 151/261/151 141/263/141 142/273/142 152/271/152
f 141/263/141 131/264/131 132/274/132 142/273/142
f 131/264/131 206/265/206 207/275/207 132/274/132
f 447/267/447 180/266/180 181/276/181 454/277/454
f 180/266/180 216/268/216 217/278/217 181/276/181
f 216/268/216 190/279/190 191/280/191 217/278/217
f 159/224/159 160/246/160 306/242/306 241/241/241
f 162/272/162 152/271/152 153/281/153 163/282/163
f 152/271/152 142/273/142 143/283/143 153/281/153
f 142/273/142 132/274/132 133/284/133 143/283/143
f 132/274/132 207/275/207 208/285/208 133/284/133
f 454/277/454 181/276/181 182/286/182 453/287/453
f 181/276/181 217/278/217 218/288/218 182/286/182
f 217/278/217 191/280/191 192/289/192 218/288/218
f 171/290/171 246/291/246 244/292/244 172/293/172
f 163/282/163 153/281/153 154/294/154 164/295/164
f 153/281/153 143/283/143 144/296/144 154/294/154
f 143/283/143 133/284/133 134/297/134 144/296/144
f 133/284/133 208/285/208 209/298/209 134/297/134
f 453/287/453 182/286/182 183/299/183 452/300/452
f 182/286/182 218/288/218 219/301/219 183/299/183
f 218/288/218 192/289/192 193/302/193 219/301/219
f 172/293/172 244/292/244 243/303/243 242/304/242
f 170/305/170 247/306/247 246/291/246 171/290/171
f 169/257/169 272/260/272 247/306/247 170/305/170
f 232/307/232 115/173/115 59/121/59 233/308/233
f 167/309/167 157/310/157 223/198/223 224/197/224
f 157/310/157 147/311/147 222/201/222 223/198/223
f 147/311/147 137/312/137 221/203/221 222/201/222
f 137/312/137 125/313/125 220/205/220 221/203/221
f 125/313/125 200/28/200 228/31/228 220/205/220
f 16/30/16 32/19/32 451/18/451
f 1316/314/1316 1311/315/1311 1077/316/1077 427/317/427 481/318/481
f 1346/65/1346 466/319/466 473/209/473 1347/208/1347
f 272/260/272 276/243/276 277/320/277 247/306/247
f 244/292/244 300/321/300 301/322/301 243/303/243
f 173/323/173 159/224/159 241/241/241 279/324/279
f 246/291/246 299/325/299 300/321/300 244/292/244
f 247/306/247 277/320/277 299/325/299 246/291/246
f 279/324/279 241/241/241 278/244/278 245/326/245
f 168/327/168 158/221/158 159/224/159 173/323/173
f 231/328/231 74/120/74 90/119/90 230/329/230
f 280/330/280 91/112/91 74/120/74 231/328/231
f 230/329/230 90/119/90 94/168/94 281/331/281
f 289/332/289 224/197/224 166/200/166 288/333/288
f 234/334/234 54/88/54 55/89/55 282/335/282
f 270/336/270 101/139/101 103/143/103 269/337/269
f 264/338/264 124/175/124 119/154/119 265/339/265
f 271/340/271 99/136/99 101/139/101 270/336/270
f 265/339/265 119/154/119 109/153/109 266/341/266
f 124/175/124 264/338/264 267/342/267 107/149/107
f 273/343/273 97/131/97 99/136/99 271/340/271
f 275/344/275 47/82/47 48/83/48 274/345/274
f 268/346/268 105/146/105 107/149/107 267/342/267
f 274/345/274 48/83/48 97/131/97 273/343/273
f 269/337/269 103/143/103 105/146/105 268/346/268
f 254/347/254 274/345/274 273/343/273 255/348/255
f 259/349/259 268/346/268 267/342/267 260/350/260
f 253/351/253 275/344/275 274/345/274 254/347/254
f 258/352/258 269/337/269 268/346/268 259/349/259
f 257/353/257 270/336/270 269/337/269 258/352/258
f 256/354/256 271/340/271 270/336/270 257/353/257
f 263/355/263 264/338/264 265/339/265 262/356/262
f 255/348/255 273/343/273 271/340/271 256/354/256
f 264/338/264 263/355/263 260/350/260 267/342/267
f 262/356/262 265/339/265 266/341/266 261/357/261
f 236/358/236 262/356/262 261/357/261 237/359/237
f 248/360/248 257/353/257 258/352/258 240/361/240
f 240/361/240 258/352/258 259/349/259 239/362/239
f 239/362/239 259/349/259 260/350/260 238/363/238
f 252/364/252 253/351/253 254/347/254 251/365/251
f 263/355/263 235/366/235 238/363/238 260/350/260
f 251/365/251 254/347/254 255/348/255 250/367/250
f 235/366/235 263/355/263 262/356/262 236/358/236
f 250/367/250 255/348/255 256/354/256 249/368/249
f 249/368/249 256/354/256 257/353/257 248/360/248
f 287/369/287 232/307/232 233/308/233 288/333/288
f 286/370/286 231/328/231 230/329/230 285/371/285
f 284/372/284 280/330/280 231/328/231 286/370/286
f 285/371/285 230/329/230 281/331/281 283/373/283
f 54/88/54 234/334/234 233/308/233 59/121/59
f 289/332/289 234/334/234 282/335/282 290/374/290
f 165/212/165 287/369/287 288/333/288 166/200/166
f 275/344/275 253/351/253 290/374/290 282/335/282
f 224/197/224 289/332/289 290/374/290 167/309/167
f 173/323/173 285/371/285 283/373/283 168/327/168
f 234/334/234 289/332/289 288/333/288 233/308/233
f 245/326/245 284/372/284 286/370/286 279/324/279
f 279/324/279 286/370/286 285/371/285 173/323/173
f 253/351/253 252/364/252 167/309/167 290/374/290
f 275/344/275 282/335/282 55/89/55 47/82/47
f 89/113/89 291/375/291 292/376/292 93/163/93
f 291/375/291 293/377/293 294/378/294 292/376/292
f 293/377/293 295/379/295 296/380/296 294/378/294
f 295/379/295 297/259/297 298/258/298 296/380/296
f 277/320/277 305/381/305 304/382/304 299/325/299
f 299/325/299 304/382/304 303/383/303 300/321/300
f 300/321/300 303/383/303 302/384/302 301/322/301
f 276/243/276 306/242/306 305/381/305 277/320/277
f 280/330/280 291/375/291 89/113/89 91/112/91
f 293/377/293 291/375/291 280/330/280 284/372/284
f 284/372/284 245/326/245 295/379/295 293/377/293
f 245/326/245 278/244/278 297/259/297 295/379/295
f 306/242/306 160/246/160 161/262/161 305/381/305
f 303/383/303 163/282/163 164/295/164 302/384/302
f 304/382/304 162/272/162 163/282/163 303/383/303
f 305/381/305 161/262/161 162/272/162 304/382/304
f 308/385/308 236/358/236 237/359/237 309/386/309
f 316/387/316 251/365/251 250/367/250 315/388/315
f 235/366/235 307/389/307 310/390/310 238/363/238
f 315/388/315 250/367/250 249/368/249 314/391/314
f 307/389/307 235/366/235 236/358/236 308/385/308
f 314/391/314 249/368/249 248/360/248 313/392/313
f 313/392/313 248/360/248 240/361/240 312/393/312
f 312/393/312 240/361/240 239/362/239 311/394/311
f 311/394/311 239/362/239 238/363/238 310/390/310
f 317/395/317 252/364/252 251/365/251 316/387/316
f 324/396/324 313/392/313 312/393/312 323/397/323
f 323/397/323 312/393/312 311/394/311 322/398/322
f 322/398/322 311/394/311 310/390/310 321/399/321
f 328/400/328 317/395/317 316/387/316 327/401/327
f 319/402/319 308/385/308 309/386/309 320/403/320
f 327/401/327 316/387/316 315/388/315 326/404/326
f 307/389/307 318/405/318 321/399/321 310/390/310
f 326/404/326 315/388/315 314/391/314 325/406/325
f 318/405/318 307/389/307 308/385/308 319/402/319
f 325/406/325 314/391/314 313/392/313 324/396/324
f 335/407/335 336/408/336 330/409/330 329/410/329
f 339/411/339 340/412/340 334/413/334 333/414/333
f 336/408/336 337/415/337 331/416/331 330/409/330
f 733/417/733 338/418/338 332/419/332 732/420/732
f 338/418/338 339/411/339 333/414/333 332/419/332
f 341/421/341 342/422/342 336/408/336 335/407/335
f 345/423/345 346/424/346 340/412/340 339/411/339
f 342/422/342 343/425/343 337/415/337 336/408/336
f 734/426/734 344/427/344 338/418/338 733/417/733
f 344/427/344 345/423/345 339/411/339 338/418/338
f 347/428/347 348/429/348 342/422/342 341/421/341
f 351/430/351 352/431/352 346/424/346 345/423/345
f 348/429/348 349/432/349 343/425/343 342/422/342
f 735/433/735 350/434/350 344/427/344 734/426/734
f 350/434/350 351/430/351 345/423/345 344/427/344
f 353/435/353 354/436/354 348/429/348 347/428/347
f 357/437/357 358/438/358 352/431/352 351/430/351
f 354/436/354 355/439/355 349/432/349 348/429/348
f 736/440/736 356/441/356 350/434/350 735/433/735
f 356/441/356 357/437/357 351/430/351 350/434/350
f 359/442/359 360/443/360 354/436/354 353/435/353
f 363/444/363 364/445/364 358/438/358 357/437/357
f 360/443/360 361/446/361 355/439/355 354/436/354
f 737/447/737 362/448/362 356/441/356 736/440/736
f 362/448/362 363/444/363 357/437/357 356/441/356
f 365/449/365 366/450/366 360/443/360 359/442/359
f 369/451/369 370/452/370 364/445/364 363/444/363
f 366/450/366 367/453/367 361/446/361 360/443/360
f 738/454/738 368/455/368 362/448/362 737/447/737
f 368/455/368 369/451/369 363/444/363 362/448/362
f 329/410/329 324/396/324 323/397/323 335/407/335
f 335/407/335 323/397/323 322/398/322 341/421/341
f 341/421/341 322/398/322 321/399/321 347/428/347
f 318/405/318 353/435/353 347/428/347 321/399/321
f 353/435/353 318/405/318 319/402/319 359/442/359
f 359/442/359 319/402/319 320/403/320 365/449/365
f 147/311/147 157/310/157 317/395/317 328/400/328
f 157/310/157 167/309/167 252/364/252 317/395/317
f 374/456/374 328/400/328 327/401/327 373/457/373
f 373/457/373 327/401/327 326/404/326 372/458/372
f 372/458/372 326/404/326 325/406/325 371/459/371
f 400/460/400 455/461/455 456/462/456 410/463/410
f 378/464/378 374/456/374 373/457/373 377/465/377
f 463/466/463 462/467/462 383/468/383 382/469/382
f 377/465/377 373/457/373 372/458/372 376/470/376
f 462/467/462 461/471/461 384/472/384 383/468/383
f 376/470/376 372/458/372 371/459/371 375/473/375
f 437/474/437 459/475/459 455/461/455 400/460/400
f 382/469/382 392/476/392 438/477/438 436/478/436
f 739/479/739 382/469/382 436/478/436 744/480/744
f 388/481/388 378/464/378 377/465/377 387/482/387
f 382/469/382 383/468/383 393/483/393 392/476/392
f 387/482/387 377/465/377 376/470/376 386/484/386
f 383/468/383 384/472/384 394/485/394 393/483/393
f 386/484/386 376/470/376 375/473/375 385/486/385
f 385/486/385 375/473/375 379/487/379 389/488/389
f 389/488/389 379/487/379 380/489/380 390/490/390
f 744/480/744 436/478/436 401/491/401 740/492/740
f 436/478/436 438/477/438 402/493/402 401/491/401
f 5/494/5 388/481/388 387/482/387 439/495/439 22/496/22
f 439/495/439 387/482/387 386/484/386 441/497/441
f 441/497/441 386/484/386 385/486/385 442/498/442
f 442/498/442 385/486/385 389/488/389 443/499/443
f 443/499/443 389/488/389 390/490/390 437/474/437
f 409/500/409 399/501/399 400/460/400 410/463/410
f 740/492/740 401/491/401 411/502/411 741/503/741
f 401/491/401 402/493/402 412/504/412 411/502/411
f 435/505/435 190/279/190 423/254/423 434/506/434
f 17/507/17 6/508/6 396/509/396 406/510/406
f 412/504/412 402/493/402 434/506/434 413/270/413
f 406/510/406 396/509/396 395/511/395 405/512/405
f 405/512/405 395/511/395 399/501/399 409/500/409
f 418/513/418 409/500/409 410/463/410 419/514/419
f 741/503/741 411/502/411 420/515/420 742/516/742
f 411/502/411 412/504/412 421/517/421 420/515/420
f 1098/518/1098 1122/519/1122 1316/314/1316 408/520/408 471/521/471
f 412/504/412 413/270/413 422/269/422 421/517/421
f 18/522/18 17/507/17 406/510/406
f 188/238/188 189/256/189 433/253/433 214/236/214
f 18/522/18 406/510/406 405/512/405 414/523/414 19/524/19
f 414/523/414 405/512/405 409/500/409 418/513/418
f 424/525/424 414/523/414 418/513/418 428/526/428
f 428/526/428 418/513/418 419/514/419 429/527/429
f 742/516/742 420/515/420 430/528/430 743/529/743
f 420/515/420 421/517/421 431/530/431 430/528/430
f 1498/531/1498 1329/532/1329 1338/42/1338 229/533/229 474/534/474
f 421/517/421 422/269/422 432/535/432 431/530/431
f 422/269/422 189/256/189 199/255/199 432/535/432
f 28/536/28 19/524/19 414/523/414 424/525/424
f 191/280/191 403/537/403 404/538/404 192/289/192
f 423/254/423 433/253/433 413/270/413 434/506/434
f 423/254/423 190/279/190 216/268/216 215/252/215
f 435/505/435 403/537/403 191/280/191 190/279/190
f 390/490/390 381/539/381 459/475/459 437/474/437
f 11/540/11 22/496/22 439/495/439
f 11/540/11 439/495/439 441/497/441 396/509/396 6/508/6
f 438/477/438 435/505/435 434/506/434 402/493/402
f 396/509/396 441/497/441 442/498/442 395/511/395
f 395/511/395 442/498/442 443/499/443 399/501/399
f 399/501/399 443/499/443 437/474/437 400/460/400
f 206/265/206 447/267/447 454/277/454 207/275/207
f 204/230/204 449/234/449 448/251/448 205/249/205
f 228/31/228 451/18/451 445/22/445 201/207/201
f 205/249/205 448/251/448 447/267/447 206/265/206
f 201/207/201 445/22/445 444/218/444 202/216/202
f 203/229/203 450/231/450 449/234/449 204/230/204
f 208/285/208 453/287/453 452/300/452 209/298/209
f 207/275/207 454/277/454 453/287/453 208/285/208
f 392/476/392 403/537/403 435/505/435 438/477/438
f 137/312/137 147/311/147 328/400/328 374/456/374
f 125/313/125 137/312/137 374/456/374 378/464/378
f 378/464/378 388/481/388 200/28/200 125/313/125
f 29/29/29 200/28/200 388/481/388 5/494/5
f 403/537/403 392/476/392 393/483/393 404/538/404
f 410/463/410 456/462/456 457/541/457 419/514/419
f 419/514/419 457/541/457 458/542/458 429/527/429
f 747/543/747 463/466/463 382/469/382 739/479/739
f 404/538/404 393/483/393 394/485/394 460/544/460
f 404/538/404 460/544/460 193/302/193 192/289/192
f 391/545/391 381/539/381 390/490/390 380/489/380
f 430/528/430 431/530/431 478/546/478 477/547/477
f 1094/548/1094 1497/549/1497 1498/531/1498 174/550/174 225/551/225
f 431/530/431 432/535/432 479/552/479 478/546/478
f 480/52/480 476/51/476 429/527/429 458/542/458
f 3/220/3 7/68/7 196/67/196
f 30/553/30 28/536/28 424/525/424
f 30/553/30 424/525/424 428/526/428 475/554/475 23/555/23
f 475/554/475 428/526/428 429/527/429 476/51/476
f 197/239/197 467/48/467 468/556/468 198/240/198
f 743/529/743 430/528/430 477/547/477 745/557/745
f 198/240/198 468/556/468 469/558/469 199/255/199
f 432/535/432 199/255/199 469/558/469 479/552/479
f 477/547/477 478/546/478 491/559/491 490/33/490
f 478/546/478 479/552/479 492/560/492 491/559/491
f 479/552/479 469/558/469 486/41/486 492/560/492
f 4/561/4 23/555/23 475/554/475
f 467/48/467 484/47/484 485/38/485 468/556/468
f 4/561/4 475/554/475 476/51/476 8/50/8
f 468/556/468 485/38/485 486/41/486 469/558/469
f 745/557/745 477/547/477 490/33/490 746/32/746
f 491/559/491 492/560/492 497/7/497 496/6/496
f 492/560/492 486/41/486 494/16/494 497/7/497
f 35/13/35 12/49/12 493/10/493
f 490/33/490 491/559/491 496/6/496 495/14/495
f 20/40/20 25/17/25 494/16/494
f 24/34/24 495/14/495 26/15/26
f 521/562/521 522/563/522 506/564/506 505/565/505
f 528/566/528 529/567/529 513/568/513 512/569/512
f 522/563/522 523/570/523 507/571/507 506/564/506
f 514/572/514 498/573/498 513/568/513 529/567/529
f 523/570/523 524/574/524 508/575/508 507/571/507
f 514/572/514 515/576/515 499/577/499 498/573/498
f 524/574/524 525/578/525 509/579/509 508/575/508
f 518/580/518 519/581/519 503/582/503 502/583/502
f 515/576/515 516/584/516 500/585/500 499/577/499
f 525/578/525 526/586/526 510/587/510 509/579/509
f 519/581/519 520/588/520 504/589/504 503/582/503
f 517/590/517 518/580/518 502/583/502 501/591/501
f 526/586/526 527/592/527 511/593/511 510/587/510
f 520/588/520 521/562/521 505/565/505 504/589/504
f 516/584/516 517/590/517 501/591/501 500/585/500
f 527/592/527 528/566/528 512/569/512 511/593/511
f 528/566/528 515/576/515 514/572/514 529/567/529
f 527/592/527 516/584/516 515/576/515 528/566/528
f 526/586/526 517/590/517 516/584/516 527/592/527
f 525/578/525 518/580/518 517/590/517 526/586/526
f 518/580/518 525/578/525 524/574/524 519/581/519
f 519/581/519 524/574/524 523/570/523 520/588/520
f 520/588/520 523/570/523 522/563/522 521/562/521
f 505/565/505 506/564/506 538/594/538 537/595/537
f 512/569/512 513/568/513 545/596/545 544/597/544
f 506/564/506 507/571/507 539/598/539 538/594/538
f 498/573/498 530/599/530 545/596/545 513/568/513
f 507/571/507 508/575/508 540/600/540 539/598/539
f 498/573/498 499/577/499 531/601/531 530/599/530
f 508/575/508 509/579/509 541/602/541 540/600/540
f 502/583/502 503/582/503 535/603/535 534/604/534
f 499/577/499 500/585/500 532/605/532 531/601/531
f 509/579/509 510/587/510 542/606/542 541/602/541
f 503/582/503 504/589/504 536/607/536 535/603/535
f 501/591/501 502/583/502 534/604/534 533/608/533
f 510/587/510 511/593/511 543/609/543 542/606/542
f 504/589/504 505/565/505 537/595/537 536/607/536
f 500/585/500 501/591/501 533/608/533 532/605/532
f 511/593/511 512/569/512 544/597/544 543/609/543
f 530/599/530 546/610/546 561/611/561 545/596/545
f 539/598/539 540/600/540 556/612/556 555/613/555
f 530/599/530 531/601/531 547/614/547 546/610/546
f 540/600/540 541/602/541 557/615/557 556/612/556
f 534/604/534 535/603/535 551/616/551 550/617/550
f 531/601/531 532/605/532 548/618/548 547/614/547
f 541/602/541 542/606/542 558/619/558 557/615/557
f 535/603/535 536/607/536 552/620/552 551/616/551
f 533/608/533 534/604/534 550/617/550 549/621/549
f 542/606/542 543/609/543 559/622/559 558/619/558
f 536/607/536 537/595/537 553/623/553 552/620/552
f 532/605/532 533/608/533 549/621/549 548/618/548
f 543/609/543 544/597/544 560/624/560 559/622/559
f 537/595/537 538/594/538 554/625/554 553/623/553
f 544/597/544 545/596/545 561/611/561 560/624/560
f 538/594/538 539/598/539 555/613/555 554/625/554
f 611/626/611 610/627/610 577/628/577 576/629/576
f 613/630/613 612/631/612 571/632/571 570/633/570
f 614/634/614 562/635/562 577/628/577 610/627/610
f 612/631/612 615/636/615 572/637/572 571/632/571
f 614/634/614 616/638/616 563/639/563 562/635/562
f 615/636/615 617/640/617 573/641/573 572/637/572
f 619/642/619 618/643/618 567/644/567 566/645/566
f 616/638/616 620/646/620 564/647/564 563/639/563
f 617/640/617 621/648/621 574/649/574 573/641/573
f 618/643/618 622/650/622 568/651/568 567/644/567
f 623/652/623 619/642/619 566/645/566 565/653/565
f 621/648/621 624/654/624 575/655/575 574/649/574
f 622/650/622 625/656/625 569/657/569 568/651/568
f 620/646/620 623/652/623 565/653/565 564/647/564
f 624/654/624 611/626/611 576/629/576 575/655/575
f 625/656/625 613/630/613 570/633/570 569/657/569
f 562/635/562 578/658/578 593/659/593 577/628/577
f 571/632/571 572/637/572 588/660/588 587/661/587
f 562/635/562 563/639/563 579/662/579 578/658/578
f 572/637/572 573/641/573 589/663/589 588/660/588
f 566/645/566 567/644/567 583/664/583 582/665/582
f 563/639/563 564/647/564 580/666/580 579/662/579
f 573/641/573 574/649/574 590/667/590 589/663/589
f 567/644/567 568/651/568 584/668/584 583/664/583
f 565/653/565 566/645/566 582/665/582 581/669/581
f 574/649/574 575/655/575 591/670/591 590/667/590
f 568/651/568 569/657/569 585/671/585 584/668/584
f 564/647/564 565/653/565 581/669/581 580/666/580
f 575/655/575 576/629/576 592/672/592 591/670/591
f 569/657/569 570/633/570 586/673/586 585/671/585
f 576/629/576 577/628/577 593/659/593 592/672/592
f 570/633/570 571/632/571 587/661/587 586/673/586
f 592/672/592 593/659/593 609/674/609 608/675/608
f 586/673/586 587/661/587 603/676/603 602/677/602
f 578/658/578 594/678/594 609/674/609 593/659/593
f 587/661/587 588/660/588 604/679/604 603/676/603
f 578/658/578 579/662/579 595/680/595 594/678/594
f 588/660/588 589/663/589 605/681/605 604/679/604
f 582/665/582 583/664/583 599/682/599 598/683/598
f 579/662/579 580/666/580 596/684/596 595/680/595
f 589/663/589 590/667/590 606/685/606 605/681/605
f 583/664/583 584/668/584 600/686/600 599/682/599
f 581/669/581 582/665/582 598/683/598 597/687/597
f 590/667/590 591/670/591 607/688/607 606/685/606
f 584/668/584 585/671/585 601/689/601 600/686/600
f 580/666/580 581/669/581 597/687/597 596/684/596
f 591/670/591 592/672/592 608/675/608 607/688/607
f 585/671/585 586/673/586 602/677/602 601/689/601
f 560/624/560 561/611/561 610/627/610 611/626/611
f 554/625/554 555/613/555 612/631/612 613/630/613
f 546/610/546 614/634/614 610/627/610 561/611/561
f 555/613/555 556/612/556 615/636/615 612/631/612
f 546/610/546 547/614/547 616/638/616 614/634/614
f 556/612/556 557/615/557 617/640/617 615/636/615
f 550/617/550 551/616/551 618/643/618 619/642/619
f 547/614/547 548/618/548 620/646/620 616/638/616
f 557/615/557 558/619/558 621/648/621 617/640/617
f 551/616/551 552/620/552 622/650/622 618/643/618
f 549/621/549 550/617/550 619/642/619 623/652/623
f 558/619/558 559/622/559 624/654/624 621/648/621
f 552/620/552 553/623/553 625/656/625 622/650/622
f 548/618/548 549/621/549 623/652/623 620/646/620
f 559/622/559 560/624/560 611/626/611 624/654/624
f 553/623/553 554/625/554 613/630/613 625/656/625
f 609/674/609 594/678/594 154/294/154 144/296/144
f 608/675/608 609/674/609 144/296/144 134/297/134
f 594/678/594 595/680/595 164/295/164 154/294/154
f 302/384/302 164/295/164 595/680/595 596/684/596
f 301/322/301 302/384/302 596/684/596 597/687/597
f 630/690/630 597/687/597 598/683/598 631/691/631
f 631/691/631 598/683/598 599/682/599 632/692/632
f 632/692/632 599/682/599 600/686/600 633/693/633
f 626/694/626 630/690/630 631/691/631 627/695/627
f 627/695/627 631/691/631 632/692/632 628/696/628
f 628/696/628 632/692/632 633/693/633 629/697/629
f 242/304/242 243/303/243 630/690/630 626/694/626
f 243/303/243 301/322/301 597/687/597 630/690/630
f 134/297/134 209/298/209 607/688/607 608/675/608
f 452/300/452 183/299/183 748/698/748 888/699/888
f 954/190/954 956/700/956 953/701/953 673/702/673 674/703/674
f 117/90/117 41/76/41 654/179/654 685/180/685
f 981/704/981 694/705/694 677/706/677 979/707/979
f 967/708/967 687/709/687 675/710/675
f 1485/711/1485 1020/712/1020 688/713/688 696/714/696
f 49/124/49 678/196/678 690/715/690
f 968/716/968 969/717/969 692/718/692 687/709/687 967/708/967
f 68/98/68 65/95/65 655/719/655 679/193/679 122/166/122
f 1717/720/1717 689/721/689 649/722/649 953/701/953 956/700/956
f 702/723/702 662/724/662 638/194/638 112/171/112
f 76/116/76 70/115/70 640/725/640 662/724/662 702/723/702
f 961/726/961 962/727/962 645/728/645 641/729/641
f 70/115/70 672/192/672 640/725/640
f 1025/730/1025 682/731/682 658/732/658 960/733/960
f 984/734/984 667/735/667 643/736/643
f 983/737/983 1029/738/1029 666/739/666 694/705/694 981/704/981
f 65/95/65 62/94/62 686/740/686 655/719/655
f 989/741/989 1485/711/1485 696/714/696 667/735/667 984/734/984
f 95/132/95 668/137/668 651/140/651 98/135/98 96/130/96
f 43/79/43 644/128/644 650/133/650 44/80/44
f 1005/742/1005 1006/743/1006 1008/744/1008 646/745/646 664/746/664
f 50/85/50 49/124/49 690/715/690 634/129/634 51/86/51
f 698/747/698 699/748/699 115/173/115 232/307/232
f 699/748/699 700/749/700 114/172/114 115/173/115
f 700/749/700 701/750/701 113/170/113 114/172/114
f 701/750/701 702/723/702 112/171/112 113/170/113
f 703/751/703 698/747/698 232/307/232 287/369/287
f 703/751/703 704/752/704 168/327/168 283/373/283
f 705/753/705 704/752/704 165/212/165 155/211/155
f 706/754/706 705/753/705 155/211/155 145/213/145
f 707/755/707 706/754/706 145/213/145 135/214/135
f 708/756/708 707/755/707 135/214/135 127/215/127
f 708/756/708 709/757/709 203/229/203 128/227/128
f 710/758/710 709/757/709 202/216/202 444/218/444
f 710/758/710 711/759/711 177/232/177 450/231/450
f 711/759/711 712/760/712 213/235/213 177/232/177
f 713/761/713 712/760/712 212/5/212 186/4/186
f 713/761/713 714/70/714 197/239/197 187/237/187
f 714/70/714 715/44/715 467/48/467 197/239/197
f 281/331/281 94/168/94 699/748/699 698/747/698
f 94/168/94 88/167/88 700/749/700 699/748/699
f 88/167/88 82/169/82 701/750/701 700/749/700
f 82/169/82 76/116/76 702/723/702 701/750/701
f 283/373/283 281/331/281 698/747/698 703/751/703
f 287/369/287 165/212/165 704/752/704 703/751/703
f 158/221/158 168/327/168 704/752/704 705/753/705
f 148/222/148 158/221/158 705/753/705 706/754/706
f 138/225/138 148/222/148 706/754/706 707/755/707
f 128/227/128 138/225/138 707/755/707 708/756/708
f 127/215/127 202/216/202 709/757/709 708/756/708
f 450/231/450 203/229/203 709/757/709 710/758/710
f 444/218/444 176/217/176 711/759/711 710/758/710
f 176/217/176 212/5/212 712/760/712 711/759/711
f 187/237/187 213/235/213 712/760/712 713/761/713
f 186/4/186 196/67/196 714/70/714 713/761/713
f 1/69/1 15/45/15 715/44/715
f 9/762/9 484/47/484 10/46/10
f 337/415/337 717/763/717 716/764/716 331/416/331
f 343/425/343 718/765/718 717/763/717 337/415/337
f 349/432/349 719/766/719 718/765/718 343/425/343
f 355/439/355 720/767/720 719/766/719 349/432/349
f 361/446/361 721/768/721 720/767/720 355/439/355
f 367/453/367 722/769/722 721/768/721 361/446/361
f 381/539/381 723/770/723 728/771/728 459/475/459
f 459/475/459 728/771/728 724/772/724 455/461/455
f 455/461/455 724/772/724 725/773/725 456/462/456
f 456/462/456 725/773/725 726/774/726 457/541/457
f 457/541/457 726/774/726 727/775/727 458/542/458
f 391/545/391 729/776/729 723/770/723 381/539/381
f 458/542/458 727/775/727 730/777/730 480/52/480
f 480/52/480 730/777/730 731/11/731 493/10/493
f 717/763/717 733/778/733 732/779/732 716/764/716
f 718/765/718 734/780/734 733/778/733 717/763/717
f 719/766/719 735/781/735 734/780/734 718/765/718
f 720/767/720 736/782/736 735/781/735 719/766/719
f 721/768/721 737/783/737 736/782/736 720/767/720
f 722/769/722 738/784/738 737/783/737 721/768/721
f 723/770/723 739/785/739 744/786/744 728/771/728
f 728/771/728 744/786/744 740/787/740 724/772/724
f 724/772/724 740/787/740 741/788/741 725/773/725
f 725/773/725 741/788/741 742/789/742 726/774/726
f 726/774/726 742/789/742 743/790/743 727/775/727
f 729/776/729 747/791/747 739/785/739 723/770/723
f 727/775/727 743/790/743 745/792/745 730/777/730
f 730/777/730 745/792/745 746/36/746 731/11/731
f 358/438/358 755/793/755 754/794/754 352/431/352
f 461/471/461 761/795/761 758/796/758 384/472/384
f 352/431/352 754/794/754 753/797/753 346/424/346
f 219/301/219 750/798/750 748/698/748 183/299/183
f 394/485/394 759/799/759 760/800/760 460/544/460
f 193/302/193 749/801/749 750/798/750 219/301/219
f 384/472/384 758/796/758 759/799/759 394/485/394
f 346/424/346 753/797/753 752/802/752 340/412/340
f 460/544/460 760/800/760 749/801/749 193/302/193
f 370/452/370 757/803/757 756/804/756 364/445/364
f 340/412/340 752/802/752 751/805/751 334/413/334
f 364/445/364 756/804/756 755/793/755 358/438/358
f 756/804/756 770/806/770 769/807/769 755/793/755
f 749/801/749 763/808/763 764/809/764 750/798/750
f 757/803/757 771/810/771 770/806/770 756/804/756
f 752/802/752 766/811/766 765/812/765 751/805/751
f 761/795/761 775/813/775 772/814/772 758/796/758
f 753/797/753 767/815/767 766/811/766 752/802/752
f 758/796/758 772/814/772 773/816/773 759/799/759
f 754/794/754 768/817/768 767/815/767 753/797/753
f 759/799/759 773/816/773 774/818/774 760/800/760
f 755/793/755 769/807/769 768/817/768 754/794/754
f 750/798/750 764/809/764 762/819/762 748/698/748
f 760/800/760 774/818/774 763/808/763 749/801/749
f 774/818/774 788/820/788 777/821/777 763/808/763
f 770/806/770 784/822/784 783/823/783 769/807/769
f 763/808/763 777/821/777 778/824/778 764/809/764
f 771/810/771 785/825/785 784/822/784 770/806/770
f 766/811/766 780/826/780 779/827/779 765/812/765
f 775/813/775 789/828/789 786/829/786 772/814/772
f 767/815/767 781/830/781 780/826/780 766/811/766
f 772/814/772 786/829/786 787/831/787 773/816/773
f 768/817/768 782/832/782 781/830/781 767/815/767
f 773/816/773 787/831/787 788/820/788 774/818/774
f 769/807/769 783/823/783 782/832/782 768/817/768
f 764/809/764 778/824/778 776/833/776 762/819/762
f 788/820/788 802/834/802 791/835/791 777/821/777
f 784/822/784 798/836/798 797/837/797 783/823/783
f 777/821/777 791/835/791 792/838/792 778/824/778
f 785/825/785 799/839/799 798/836/798 784/822/784
f 780/826/780 794/840/794 793/841/793 779/827/779
f 789/828/789 803/842/803 800/843/800 786/829/786
f 781/830/781 795/844/795 794/840/794 780/826/780
f 786/829/786 800/843/800 801/845/801 787/831/787
f 782/832/782 796/846/796 795/844/795 781/830/781
f 787/831/787 801/845/801 802/834/802 788/820/788
f 783/823/783 797/837/797 796/846/796 782/832/782
f 778/824/778 792/838/792 790/847/790 776/833/776
f 802/834/802 816/848/816 805/849/805 791/835/791
f 798/836/798 812/850/812 811/851/811 797/837/797
f 791/835/791 805/849/805 806/852/806 792/838/792
f 799/839/799 813/853/813 812/850/812 798/836/798
f 794/840/794 808/854/808 807/855/807 793/841/793
f 803/842/803 817/856/817 814/857/814 800/843/800
f 795/844/795 809/858/809 808/854/808 794/840/794
f 800/843/800 814/857/814 815/859/815 801/845/801
f 796/846/796 810/860/810 809/858/809 795/844/795
f 801/845/801 815/859/815 816/848/816 802/834/802
f 797/837/797 811/851/811 810/860/810 796/846/796
f 792/838/792 806/852/806 804/861/804 790/847/790
f 816/848/816 830/862/830 819/863/819 805/849/805
f 812/850/812 826/864/826 825/865/825 811/851/811
f 805/849/805 819/863/819 820/866/820 806/852/806
f 813/853/813 827/867/827 826/864/826 812/850/812
f 808/854/808 822/868/822 821/869/821 807/855/807
f 817/856/817 831/870/831 828/871/828 814/857/814
f 809/858/809 823/872/823 822/868/822 808/854/808
f 814/857/814 828/871/828 829/873/829 815/859/815
f 810/860/810 824/874/824 823/872/823 809/858/809
f 815/859/815 829/873/829 830/862/830 816/848/816
f 811/851/811 825/865/825 824/874/824 810/860/810
f 806/852/806 820/866/820 818/875/818 804/861/804
f 820/866/820 834/876/834 832/877/832 818/875/818
f 830/862/830 844/878/844 833/879/833 819/863/819
f 826/864/826 840/880/840 839/881/839 825/865/825
f 819/863/819 833/879/833 834/876/834 820/866/820
f 827/867/827 841/882/841 840/880/840 826/864/826
f 822/868/822 836/883/836 835/884/835 821/869/821
f 831/870/831 845/885/845 842/886/842 828/871/828
f 823/872/823 837/887/837 836/883/836 822/868/822
f 828/871/828 842/886/842 843/888/843 829/873/829
f 824/874/824 838/889/838 837/887/837 823/872/823
f 829/873/829 843/888/843 844/878/844 830/862/830
f 825/865/825 839/881/839 838/889/838 824/874/824
f 839/881/839 853/890/853 852/891/852 838/889/838
f 834/876/834 848/892/848 846/893/846 832/877/832
f 844/878/844 858/894/858 847/895/847 833/879/833
f 840/880/840 854/896/854 853/890/853 839/881/839
f 833/879/833 847/895/847 848/892/848 834/876/834
f 841/882/841 855/897/855 854/896/854 840/880/840
f 836/883/836 850/898/850 849/899/849 835/884/835
f 845/885/845 859/900/859 856/901/856 842/886/842
f 837/887/837 851/902/851 850/898/850 836/883/836
f 842/886/842 856/901/856 857/903/857 843/888/843
f 838/889/838 852/891/852 851/902/851 837/887/837
f 843/888/843 857/903/857 858/894/858 844/878/844
f 931/904/931 872/905/872 873/906/873 930/907/930
f 853/890/853 868/908/868 867/909/867 852/891/852
f 933/910/933 862/911/862 860/912/860 932/913/932
f 930/907/930 873/906/873 861/914/861 934/915/934
f 854/896/854 869/916/869 868/908/868 853/890/853
f 934/915/934 861/914/861 862/911/862 933/910/933
f 855/897/855 870/917/870 869/916/869 854/896/854
f 850/898/850 865/918/865 864/919/864 849/899/849
f 851/902/851 866/920/866 865/918/865 850/898/850
f 852/891/852 867/909/867 866/920/866 851/902/851
f 872/905/872 885/921/885 886/922/886 873/906/873
f 937/923/937 882/924/882 881/925/881 936/926/936
f 873/906/873 886/922/886 875/927/875 861/914/861
f 938/928/938 883/929/883 882/924/882 937/923/937
f 861/914/861 875/927/875 876/930/876 862/911/862
f 939/931/939 884/932/884 883/929/883 938/928/938
f 325/406/325 324/396/324 329/410/329 371/459/371
f 941/933/941 879/934/879 878/935/878 940/936/940
f 943/937/943 880/938/880 879/934/879 941/933/941
f 936/926/936 881/925/881 880/938/880 943/937/943
f 888/699/888 607/688/607 209/298/209 452/300/452
f 606/685/606 607/688/607 888/699/888 889/939/889
f 748/698/748 762/819/762 889/939/889 888/699/888
f 762/819/762 776/833/776 890/940/890 889/939/889
f 605/681/605 606/685/606 889/939/889 890/940/890
f 926/941/926 927/942/927 904/943/904 910/944/910
f 818/875/818 832/877/832 926/941/926 925/945/925
f 926/941/926 910/944/910 916/946/916 925/945/925
f 804/861/804 818/875/818 925/945/925 891/947/891
f 947/948/947 877/949/877 871/950/871 942/951/942
f 925/945/925 916/946/916 922/952/922 891/947/891
f 942/951/942 871/950/871 893/953/893 945/954/945
f 603/676/603 897/955/897 896/956/896 602/677/602
f 946/957/946 863/958/863 877/949/877 947/948/947
f 790/847/790 804/861/804 891/947/891 892/959/892
f 911/960/911 901/961/901 899/962/899 913/963/913
f 897/955/897 903/964/903 902/965/902 896/956/896
f 891/947/891 922/952/922 604/679/604 892/959/892
f 913/963/913 899/962/899 895/966/895 917/967/917
f 907/968/907 905/969/905 901/961/901 911/960/911
f 919/970/919 911/960/911 913/963/913 900/971/900
f 900/971/900 913/963/913 917/967/917 894/972/894
f 923/973/923 907/968/907 911/960/911 919/970/919
f 903/964/903 909/974/909 908/975/908 902/965/902
f 776/833/776 790/847/790 892/959/892 890/940/890
f 918/976/918 923/973/923 919/970/919 924/977/924
f 906/978/906 900/971/900 894/972/894 912/979/912
f 924/977/924 919/970/919 900/971/900 906/978/906
f 909/974/909 915/980/915 914/981/914 908/975/908
f 604/679/604 605/681/605 890/940/890 892/959/892
f 601/689/601 918/976/918 924/977/924 600/686/600
f 633/693/633 906/978/906 912/979/912 629/697/629
f 600/686/600 924/977/924 906/978/906 633/693/633
f 949/982/949 921/983/921 920/984/920 948/985/948
f 603/676/603 604/679/604 922/952/922 897/955/897
f 903/964/903 897/955/897 922/952/922 916/946/916
f 909/974/909 903/964/903 916/946/916 910/944/910
f 909/974/909 910/944/910 904/943/904 915/980/915
f 949/982/949 950/986/950 898/987/898 921/983/921
f 832/877/832 846/893/846 927/942/927 926/941/926
f 944/988/944 928/989/928 898/987/898 950/986/950
f 932/913/932 860/912/860 928/989/928 944/988/944
f 601/689/601 602/677/602 896/956/896 918/976/918
f 896/956/896 902/965/902 923/973/923 918/976/918
f 907/968/907 923/973/923 902/965/902 908/975/908
f 905/969/905 907/968/907 908/975/908 914/981/914
f 946/957/946 905/969/905 914/981/914 948/985/948
f 951/990/951 931/904/931 857/903/857 856/901/856
f 935/991/935 951/990/951 856/901/856 859/900/859
f 1751/992/1751 1745/993/1745 893/953/893 871/950/871
f 857/903/857 931/904/931 930/907/930 858/894/858
f 848/892/848 933/910/933 932/913/932 846/893/846
f 858/894/858 930/907/930 934/915/934 847/895/847
f 847/895/847 934/915/934 933/910/933 848/892/848
f 868/908/868 937/923/937 936/926/936 867/909/867
f 869/916/869 938/928/938 937/923/937 868/908/868
f 870/917/870 939/931/939 938/928/938 869/916/869
f 865/918/865 941/933/941 940/936/940 864/919/864
f 866/920/866 943/937/943 941/933/941 865/918/865
f 867/909/867 936/926/936 943/937/943 866/920/866
f 901/961/901 947/948/947 942/951/942 899/962/899
f 899/962/899 942/951/942 945/954/945 895/966/895
f 905/969/905 946/957/946 947/948/947 901/961/901
f 915/980/915 949/982/949 948/985/948 914/981/914
f 915/980/915 904/943/904 950/986/950 949/982/949
f 927/942/927 944/988/944 950/986/950 904/943/904
f 846/893/846 932/913/932 944/988/944 927/942/927
f 863/958/863 946/957/946 948/985/948 920/984/920
f 929/994/929 872/905/872 931/904/931 951/990/951
f 874/995/874 929/994/929 951/990/951 935/991/935
f 1747/996/1747 885/921/885 952/997/952 1740/998/1740
f 885/921/885 872/905/872 929/994/929 952/997/952
f 874/995/874 887/999/887 952/997/952 929/994/929
f 371/459/371 329/410/329 379/487/379 375/473/375
f 329/410/329 330/409/330 380/489/380 379/487/379
f 330/409/330 331/416/331 391/545/391 380/489/380
f 729/776/729 391/545/391 331/416/331 716/764/716
f 747/791/747 729/776/729 716/764/716 732/779/732
f 732/420/732 332/419/332 463/466/463 747/543/747
f 332/419/332 333/414/333 462/467/462 463/466/463
f 333/414/333 334/413/334 461/471/461 462/467/462
f 761/795/761 461/471/461 334/413/334 751/805/751
f 751/805/751 765/812/765 775/813/775 761/795/761
f 765/812/765 779/827/779 789/828/789 775/813/775
f 779/827/779 793/841/793 803/842/803 789/828/789
f 793/841/793 807/855/807 817/856/817 803/842/803
f 807/855/807 821/869/821 831/870/831 817/856/817
f 821/869/821 835/884/835 845/885/845 831/870/831
f 835/884/835 849/899/849 859/900/859 845/885/845
f 935/991/935 859/900/859 849/899/849 864/919/864
f 864/919/864 940/936/940 874/995/874 935/991/935
f 940/936/940 878/935/878 887/999/887 874/995/874
f 673/702/673 953/701/953 663/1000/663
f 680/1001/680 670/188/670 955/189/955
f 680/1001/680 955/189/955 954/190/954 674/703/674
f 111/164/111 39/187/39 956/700/956 954/190/954
f 484/47/484 9/762/9 13/39/13 485/38/485
f 957/1002/957 959/1003/959 960/733/960 958/1004/958
f 963/1005/963 964/1006/964 962/727/962 961/726/961
f 965/1007/965 966/1008/966 964/1006/964 963/1005/963
f 970/1009/970 971/1010/971 969/717/969 968/716/968
f 972/1011/972 973/1012/973 971/1010/971 970/1009/970
f 1025/730/1025 1024/1013/1024 978/1014/978 979/1015/979
f 979/707/979 978/1016/978 980/1017/980 981/704/981
f 981/704/981 980/1017/980 982/1018/982 983/737/983
f 983/737/983 982/1018/982 985/1019/985 987/1020/987
f 991/1021/991 986/1022/986 1003/1023/1003 998/1024/998
f 997/1025/997 993/1026/993 998/1024/998 992/1027/992
f 987/1020/987 985/1019/985 990/1028/990 992/1027/992
f 992/1027/992 990/1028/990 995/1029/995 997/1025/997
f 996/1030/996 991/1021/991 998/1024/998 993/1026/993
f 992/1027/992 998/1024/998 1003/1023/1003 987/1020/987
f 997/1025/997 995/1029/995 1000/1031/1000 1002/1032/1002
f 986/1022/986 989/741/989 984/734/984 1028/1033/1028
f 990/1028/990 81/118/81 87/117/87 995/1029/995
f 1001/1034/1001 996/1030/996 993/1026/993 988/1035/988
f 970/1009/970 976/1036/976 977/1037/977 972/1011/972
f 968/716/968 975/1038/975 976/1036/976 970/1009/970
f 967/708/967 974/1039/974 975/1038/975 968/716/968
f 980/1017/980 66/127/66 69/126/69 982/1018/982
f 641/729/641 692/718/692 969/717/969 961/726/961
f 961/726/961 969/717/969 971/1010/971 963/1005/963
f 963/1005/963 971/1010/971 973/1012/973 965/1007/965
f 964/1006/964 966/1008/966 1007/1040/1007 1006/743/1006
f 962/727/962 964/1006/964 1006/743/1006 1005/742/1005
f 645/728/645 962/727/962 1005/742/1005 656/1041/656
f 1006/743/1006 1007/1040/1007 1009/1042/1009 1008/744/1008
f 656/1041/656 1005/742/1005 664/746/664
f 1008/744/1008 1009/1042/1009 1011/1043/1011 1010/1044/1010
f 646/745/646 1008/744/1008 1010/1044/1010 693/1045/693
f 1010/1044/1010 1011/1043/1011 1013/1046/1013 1012/1047/1012
f 693/1045/693 1010/1044/1010 1012/1047/1012 681/1048/681
f 1012/1047/1012 1013/1046/1013 1015/1049/1015 1014/1050/1014
f 681/1048/681 1012/1047/1012 1014/1050/1014 665/1051/665
f 1014/1050/1014 1015/1049/1015 1017/1052/1017 1016/1053/1016
f 665/1051/665 1014/1050/1014 1016/1053/1016 647/1054/647
f 1027/1055/1027 1026/1056/1026 109/1057/109 108/1058/108
f 657/1059/657 1027/1055/1027 108/1058/108 636/1060/636
f 982/1018/982 69/126/69 75/162/75 985/1019/985
f 81/118/81 990/1028/990 985/1019/985 75/162/75
f 995/1029/995 87/117/87 93/163/93 1000/1031/1000
f 958/1004/958 1018/1061/1018 1019/1062/1019 957/1002/957
f 1003/1023/1003 986/1022/986 1028/1033/1028 1029/738/1029
f 987/1020/987 1003/1023/1003 1029/738/1029 983/737/983
f 997/1025/997 1002/1032/1002 988/1035/988 993/1026/993
f 999/1063/999 996/1030/996 1001/1034/1001 1004/1064/1004
f 994/1065/994 991/1021/991 996/1030/996 999/1063/999
f 991/1021/991 994/1065/994 989/741/989 986/1022/986
f 974/1039/974 1020/712/1020 1021/1066/1021 975/1038/975
f 975/1038/975 1021/1066/1021 1022/1067/1022 976/1036/976
f 976/1036/976 1022/1067/1022 1023/1068/1023 977/1037/977
f 960/733/960 959/1003/959 1024/1013/1024 1025/730/1025
f 1030/1069/1030 1031/1070/1031 1026/1056/1026 1027/1055/1027
f 676/1071/676 1030/1069/1030 1027/1055/1027 657/1059/657
f 642/1072/642 1018/1061/1018 958/1004/958 648/1073/648
f 648/1073/648 958/1004/958 960/733/960 658/732/658
f 682/731/682 1025/730/1025 979/1015/979 677/1074/677
f 978/1016/978 63/182/63 66/127/66 980/1017/980
f 1024/1013/1024 118/184/118 63/183/63 978/1014/978
f 118/184/118 1024/1013/1024 959/1003/959 60/185/60
f 60/185/60 959/1003/959 957/1002/957 42/186/42
f 1019/1062/1019 39/187/39 42/186/42 957/1002/957
f 659/1075/659 1718/1076/1718 1018/1061/1018 642/1072/642
f 1718/1076/1718 1717/720/1717 1019/1062/1019 1018/1061/1018
f 660/1077/660 1028/1033/1028 984/734/984 643/736/643
f 666/739/666 1029/738/1029 1028/1033/1028 660/1077/660
f 688/713/688 1020/712/1020 974/1039/974 695/1078/695
f 675/710/675 695/1078/695 974/1039/974 967/708/967
f 1016/1053/1016 1017/1052/1017 1031/1070/1031 1030/1069/1030
f 647/1054/647 1016/1053/1016 1030/1069/1030 676/1071/676
f 1121/1079/1121 1073/1080/1073 1063/1081/1063 1120/1082/1120
f 1120/1082/1120 1063/1081/1063 1053/1083/1053 1119/1084/1119
f 1119/1084/1119 1053/1083/1053 1043/1085/1043 1118/1086/1118
f 1118/1086/1118 1043/1085/1043 1033/1087/1033 1117/1088/1117
f 1117/1088/1117 1033/1087/1033 1099/1089/1099 1122/519/1122
f 427/317/427 1077/316/1077 1108/157/1108 184/1090/184
f 184/1090/184 1108/157/1108 482/161/482
f 1073/1080/1073 1072/1091/1072 1062/1092/1062 1063/1081/1063
f 1063/1081/1063 1062/1092/1062 1052/1093/1052 1053/1083/1053
f 1053/1083/1053 1052/1093/1052 1042/1094/1042 1043/1085/1043
f 1043/1085/1043 1042/1094/1042 1034/1095/1034 1033/1087/1033
f 1033/1087/1033 1034/1095/1034 1100/1096/1100 1099/1089/1099
f 1311/315/1311 1310/1097/1310 1078/1098/1078 1077/316/1077
f 1077/316/1077 1078/1098/1078 1109/158/1109 1108/157/1108
f 483/160/483 1086/159/1086 1094/548/1094 185/1099/185
f 1065/1100/1065 1066/1101/1066 1056/1102/1056 1055/1103/1055
f 1055/1103/1055 1056/1102/1056 1046/1104/1046 1045/1105/1045
f 1045/1105/1045 1046/1104/1046 1036/1106/1036 1035/1107/1035
f 1035/1107/1035 1036/1106/1036 1102/1108/1102 1101/1109/1101
f 1315/1110/1315 1314/1111/1314 1080/1112/1080 1079/1113/1079
f 1079/1113/1079 1080/1112/1080 1111/1114/1111 1110/1115/1110
f 1110/1115/1110 1111/1114/1111 1088/1116/1088 1087/1117/1087
f 1087/1117/1087 1088/1116/1088 1096/1118/1096 1095/1119/1095
f 1133/1120/1133 1167/1121/1167 1165/1122/1165 1191/1123/1191
f 1066/1101/1066 1067/1124/1067 1057/1125/1057 1056/1102/1056
f 1056/1102/1056 1057/1125/1057 1047/1126/1047 1046/1104/1046
f 1046/1104/1046 1047/1126/1047 1037/1127/1037 1036/1106/1036
f 1036/1106/1036 1037/1127/1037 1103/1128/1103 1102/1108/1102
f 1314/1111/1314 1313/1129/1313 1081/1130/1081 1080/1112/1080
f 1080/1112/1080 1081/1130/1081 1112/1131/1112 1111/1114/1111
f 1111/1114/1111 1112/1131/1112 1293/1132/1293 1300/1133/1300
f 1088/1116/1088 1089/1134/1089 1097/1135/1097 1096/1118/1096
f 169/257/169 1161/1136/1161 1183/1137/1183 298/258/298
f 1067/1124/1067 1068/1138/1068 1058/1139/1058 1057/1125/1057
f 1057/1125/1057 1058/1139/1058 1048/1140/1048 1047/1126/1047
f 1047/1126/1047 1048/1140/1048 1038/1141/1038 1037/1127/1037
f 1037/1127/1037 1038/1141/1038 1104/1142/1104 1103/1128/1103
f 1313/1129/1313 1312/1143/1312 1082/1144/1082 1081/1130/1081
f 1081/1130/1081 1082/1144/1082 1113/1145/1113 1112/1131/1112
f 1089/1134/1089 1300/1133/1300 1286/1146/1286 1292/1147/1292
f 1161/1136/1161 1165/1122/1165 1167/1121/1167 1183/1137/1183
f 1068/1138/1068 1069/1148/1069 1059/1149/1059 1058/1139/1058
f 1058/1139/1058 1059/1149/1059 1049/1150/1049 1048/1140/1048
f 1048/1140/1048 1049/1150/1049 1039/1151/1039 1038/1141/1038
f 1038/1141/1038 1039/1151/1039 1105/1152/1105 1104/1142/1104
f 1312/1143/1312 1319/1153/1319 1083/1154/1083 1082/1144/1082
f 1082/1144/1082 1083/1154/1083 1114/1155/1114 1113/1145/1113
f 1113/1145/1113 1114/1155/1114 1091/1156/1091 1090/1157/1090
f 1066/1101/1066 1133/1120/1133 1191/1123/1191 1067/1124/1067
f 1069/1148/1069 1070/1158/1070 1060/1159/1060 1059/1149/1059
f 1059/1149/1059 1060/1159/1060 1050/1160/1050 1049/1150/1049
f 1049/1150/1049 1050/1160/1050 1040/1161/1040 1039/1151/1039
f 1039/1151/1039 1040/1161/1040 1106/1162/1106 1105/1152/1105
f 1319/1153/1319 1318/1163/1318 1084/1164/1084 1083/1154/1083
f 1083/1154/1083 1084/1164/1084 1115/1165/1115 1114/1155/1114
f 1114/1155/1114 1115/1165/1115 1092/1166/1092 1091/1156/1091
f 171/290/171 172/293/172 1135/1167/1135 1137/1168/1137
f 1070/1158/1070 1071/1169/1071 1061/1170/1061 1060/1159/1060
f 1060/1159/1060 1061/1170/1061 1051/1171/1051 1050/1160/1050
f 1050/1160/1050 1051/1171/1051 1041/1172/1041 1040/1161/1040
f 1040/1161/1040 1041/1172/1041 1107/1173/1107 1106/1162/1106
f 1318/1163/1318 1317/1174/1317 1085/1175/1085 1084/1164/1084
f 1084/1164/1084 1085/1175/1085 1116/1176/1116 1115/1165/1115
f 1115/1165/1115 1116/1176/1116 1093/1177/1093 1092/1166/1092
f 172/293/172 242/304/242 1134/1178/1134 1135/1167/1135
f 170/305/170 171/290/171 1137/1168/1137 1138/1179/1138
f 169/257/169 170/305/170 1138/1179/1138 1161/1136/1161
f 1125/1180/1125 1126/1181/1126 977/1037/977 1023/1068/1023
f 1074/1182/1074 1121/1079/1121 1120/1082/1120 1064/1183/1064
f 1064/1183/1064 1120/1082/1120 1119/1084/1119 1054/1184/1054
f 1054/1184/1054 1119/1084/1119 1118/1086/1118 1044/1185/1044
f 1044/1185/1044 1118/1086/1118 1117/1088/1117 1032/1186/1032
f 1032/1186/1032 1117/1088/1117 1122/519/1122 1098/518/1098
f 408/520/408 1316/314/1316 481/318/481
f 1161/1136/1161 1138/1179/1138 1166/1187/1166 1165/1122/1165
f 1135/1167/1135 1134/1178/1134 1186/1188/1186 1185/1189/1185
f 1076/1190/1076 1168/1191/1168 1133/1120/1133 1066/1101/1066
f 1137/1168/1137 1135/1167/1135 1185/1189/1185 1184/1192/1184
f 1138/1179/1138 1137/1168/1137 1184/1192/1184 1166/1187/1166
f 1168/1191/1168 1136/1193/1136 1167/1121/1167 1133/1120/1133
f 1075/1194/1075 1076/1190/1076 1066/1101/1066 1065/1100/1065
f 1124/1195/1124 1123/1196/1123 1001/1034/1001 988/1035/988
f 1169/1197/1169 1124/1195/1124 988/1035/988 1002/1032/1002
f 1123/1196/1123 1170/1198/1170 1004/1064/1004 1001/1034/1001
f 1178/1199/1178 1177/1200/1177 1073/1080/1073 1121/1079/1121
f 1127/1201/1127 1171/1202/1171 973/1012/973 972/1011/972
f 1159/1203/1159 1158/1204/1158 1013/1046/1013 1011/1043/1011
f 1154/1205/1154 1155/1206/1155 1026/1056/1026 1031/1070/1031
f 1160/1207/1160 1159/1203/1159 1011/1043/1011 1009/1042/1009
f 1155/1206/1155 266/1208/266 109/1057/109 1026/1056/1026
f 1031/1070/1031 1017/1052/1017 1156/1209/1156 1154/1205/1154
f 1162/1210/1162 1160/1207/1160 1009/1042/1009 1007/1040/1007
f 1164/1211/1164 1163/1212/1163 966/1008/966 965/1007/965
f 1157/1213/1157 1156/1209/1156 1017/1052/1017 1015/1049/1015
f 1163/1212/1163 1162/1210/1162 1007/1040/1007 966/1008/966
f 1158/1204/1158 1157/1213/1157 1015/1049/1015 1013/1046/1013
f 1145/1214/1145 1146/1215/1146 1162/1210/1162 1163/1212/1163
f 1150/1216/1150 1151/1217/1151 1156/1209/1156 1157/1213/1157
f 1144/1218/1144 1145/1214/1145 1163/1212/1163 1164/1211/1164
f 1149/1219/1149 1150/1216/1150 1157/1213/1157 1158/1204/1158
f 1148/1220/1148 1149/1219/1149 1158/1204/1158 1159/1203/1159
f 1147/1221/1147 1148/1220/1148 1159/1203/1159 1160/1207/1160
f 1153/1222/1153 1152/1223/1152 1155/1206/1155 1154/1205/1154
f 1146/1215/1146 1147/1221/1147 1160/1207/1160 1162/1210/1162
f 1154/1205/1154 1156/1209/1156 1151/1217/1151 1153/1222/1153
f 1152/1223/1152 261/1224/261 266/1208/266 1155/1206/1155
f 1139/1225/1139 1132/1226/1132 1149/1219/1149 1148/1220/1148
f 1132/1226/1132 1131/1227/1131 1150/1216/1150 1149/1219/1149
f 1131/1227/1131 1130/1228/1130 1151/1217/1151 1150/1216/1150
f 1143/1229/1143 1142/1230/1142 1145/1214/1145 1144/1218/1144
f 1153/1222/1153 1151/1217/1151 1130/1228/1130 1128/1231/1128
f 1142/1230/1142 1141/1232/1141 1146/1215/1146 1145/1214/1145
f 1128/1231/1128 1129/1233/1129 1152/1223/1152 1153/1222/1153
f 1141/1232/1141 1140/1234/1140 1147/1221/1147 1146/1215/1146
f 1140/1234/1140 1139/1225/1139 1148/1220/1148 1147/1221/1147
f 1176/1235/1176 1177/1200/1177 1126/1181/1126 1125/1180/1125
f 1175/1236/1175 1174/1237/1174 1123/1196/1123 1124/1195/1124
f 1173/1238/1173 1175/1236/1175 1124/1195/1124 1169/1197/1169
f 1174/1237/1174 1172/1239/1172 1170/1198/1170 1123/1196/1123
f 972/1011/972 977/1037/977 1126/1181/1126 1127/1201/1127
f 1178/1199/1178 1179/1240/1179 1171/1202/1171 1127/1201/1127
f 1072/1091/1072 1073/1080/1073 1177/1200/1177 1176/1235/1176
f 1164/1211/1164 1171/1202/1171 1179/1240/1179 1144/1218/1144
f 1121/1079/1121 1074/1182/1074 1179/1240/1179 1178/1199/1178
f 1076/1190/1076 1075/1194/1075 1172/1239/1172 1174/1237/1174
f 1127/1201/1127 1126/1181/1126 1177/1200/1177 1178/1199/1178
f 1136/1193/1136 1168/1191/1168 1175/1236/1175 1173/1238/1173
f 1168/1191/1168 1076/1190/1076 1174/1237/1174 1175/1236/1175
f 1144/1218/1144 1179/1240/1179 1074/1182/1074 1143/1229/1143
f 1164/1211/1164 965/1007/965 973/1012/973 1171/1202/1171
f 1000/1031/1000 93/163/93 292/376/292 1180/1241/1180
f 1180/1241/1180 292/376/292 294/378/294 1181/1242/1181
f 1182/1243/1182 296/380/296 298/258/298 1183/1137/1183
f 1166/1187/1166 1184/1192/1184 1189/1244/1189 1190/1245/1190
f 1184/1192/1184 1185/1189/1185 1188/1246/1188 1189/1244/1189
f 1185/1189/1185 1186/1188/1186 1187/1247/1187 1188/1246/1188
f 1165/1122/1165 1166/1187/1166 1190/1245/1190 1191/1123/1191
f 1169/1197/1169 1002/1032/1002 1000/1031/1000 1180/1241/1180
f 1181/1242/1181 1173/1238/1173 1169/1197/1169 1180/1241/1180
f 1173/1238/1173 1181/1242/1181 1182/1243/1182 1136/1193/1136
f 1136/1193/1136 1182/1243/1182 1183/1137/1183 1167/1121/1167
f 1191/1123/1191 1190/1245/1190 1068/1138/1068 1067/1124/1067
f 1188/1246/1188 1187/1247/1187 1071/1169/1071 1070/1158/1070
f 1189/1244/1189 1188/1246/1188 1070/1158/1070 1069/1148/1069
f 1190/1245/1190 1189/1244/1189 1069/1148/1069 1068/1138/1068
f 1193/1248/1193 309/1249/309 237/1250/237 1129/1233/1129
f 1200/1251/1200 1199/1252/1199 1141/1232/1141 1142/1230/1142
f 1128/1231/1128 1130/1228/1130 1194/1253/1194 1192/1254/1192
f 1199/1252/1199 1198/1255/1198 1140/1234/1140 1141/1232/1141
f 1192/1254/1192 1193/1248/1193 1129/1233/1129 1128/1231/1128
f 1198/1255/1198 1197/1256/1197 1139/1225/1139 1140/1234/1140
f 1197/1256/1197 1196/1257/1196 1132/1226/1132 1139/1225/1139
f 1196/1257/1196 1195/1258/1195 1131/1227/1131 1132/1226/1132
f 1195/1258/1195 1194/1253/1194 1130/1228/1130 1131/1227/1131
f 1201/1259/1201 1200/1251/1200 1142/1230/1142 1143/1229/1143
f 1207/1260/1207 1206/1261/1206 1196/1257/1196 1197/1256/1197
f 1206/1261/1206 1205/1262/1205 1195/1258/1195 1196/1257/1196
f 1205/1262/1205 1204/1263/1204 1194/1253/1194 1195/1258/1195
f 1211/1264/1211 1210/1265/1210 1200/1251/1200 1201/1259/1201
f 1203/1266/1203 320/1267/320 309/1249/309 1193/1248/1193
f 1210/1265/1210 1209/1268/1209 1199/1252/1199 1200/1251/1200
f 1192/1254/1192 1194/1253/1194 1204/1263/1204 1202/1269/1202
f 1209/1268/1209 1208/1270/1208 1198/1255/1198 1199/1252/1199
f 1202/1269/1202 1203/1266/1203 1193/1248/1193 1192/1254/1192
f 1208/1270/1208 1207/1260/1207 1197/1256/1197 1198/1255/1198
f 1218/1271/1218 1212/1272/1212 1213/1273/1213 1219/1274/1219
f 1222/1275/1222 1216/1276/1216 1217/1277/1217 1223/1278/1223
f 1219/1274/1219 1213/1273/1213 1214/1279/1214 1220/1280/1220
f 1515/1281/1515 1514/1282/1514 1215/1283/1215 1221/1284/1221
f 1221/1284/1221 1215/1283/1215 1216/1276/1216 1222/1275/1222
f 1224/1285/1224 1218/1271/1218 1219/1274/1219 1225/1286/1225
f 1228/1287/1228 1222/1275/1222 1223/1278/1223 1229/1288/1229
f 1225/1286/1225 1219/1274/1219 1220/1280/1220 1226/1289/1226
f 1516/1290/1516 1515/1281/1515 1221/1284/1221 1227/1291/1227
f 1227/1291/1227 1221/1284/1221 1222/1275/1222 1228/1287/1228
f 1230/1292/1230 1224/1285/1224 1225/1286/1225 1231/1293/1231
f 1234/1294/1234 1228/1287/1228 1229/1288/1229 1235/1295/1235
f 1231/1293/1231 1225/1286/1225 1226/1289/1226 1232/1296/1232
f 1517/1297/1517 1516/1290/1516 1227/1291/1227 1233/1298/1233
f 1233/1298/1233 1227/1291/1227 1228/1287/1228 1234/1294/1234
f 1236/1299/1236 1230/1292/1230 1231/1293/1231 1237/1300/1237
f 1240/1301/1240 1234/1294/1234 1235/1295/1235 1241/1302/1241
f 1237/1300/1237 1231/1293/1231 1232/1296/1232 1238/1303/1238
f 1518/1304/1518 1517/1297/1517 1233/1298/1233 1239/1305/1239
f 1239/1305/1239 1233/1298/1233 1234/1294/1234 1240/1301/1240
f 1242/1306/1242 1236/1299/1236 1237/1300/1237 1243/1307/1243
f 1246/1308/1246 1240/1301/1240 1241/1302/1241 1247/1309/1247
f 1243/1307/1243 1237/1300/1237 1238/1303/1238 1244/1310/1244
f 1519/1311/1519 1518/1304/1518 1239/1305/1239 1245/1312/1245
f 1245/1312/1245 1239/1305/1239 1240/1301/1240 1246/1308/1246
f 365/1313/365 1242/1306/1242 1243/1307/1243 366/1314/366
f 369/1315/369 1246/1308/1246 1247/1309/1247 370/1316/370
f 366/1314/366 1243/1307/1243 1244/1310/1244 367/1317/367
f 738/1318/738 1519/1311/1519 1245/1312/1245 368/1319/368
f 368/1319/368 1245/1312/1245 1246/1308/1246 369/1315/369
f 1212/1272/1212 1218/1271/1218 1206/1261/1206 1207/1260/1207
f 1218/1271/1218 1224/1285/1224 1205/1262/1205 1206/1261/1206
f 1224/1285/1224 1230/1292/1230 1204/1263/1204 1205/1262/1205
f 1202/1269/1202 1204/1263/1204 1230/1292/1230 1236/1299/1236
f 1236/1299/1236 1242/1306/1242 1203/1266/1203 1202/1269/1202
f 1242/1306/1242 365/1313/365 320/1267/320 1203/1266/1203
f 1054/1184/1054 1211/1264/1211 1201/1259/1201 1064/1183/1064
f 1064/1183/1064 1201/1259/1201 1143/1229/1143 1074/1182/1074
f 1251/1320/1251 1250/1321/1250 1210/1265/1210 1211/1264/1211
f 1250/1321/1250 1249/1322/1249 1209/1268/1209 1210/1265/1210
f 1249/1322/1249 1248/1323/1248 1208/1270/1208 1209/1268/1209
f 1275/1324/1275 1283/1325/1283 1321/1326/1321 1320/1327/1320
f 1255/1328/1255 1254/1329/1254 1250/1321/1250 1251/1320/1251
f 1328/1330/1328 1259/1331/1259 1260/1332/1260 1327/1333/1327
f 1254/1329/1254 1253/1334/1253 1249/1322/1249 1250/1321/1250
f 1327/1333/1327 1260/1332/1260 1261/1335/1261 1326/1336/1326
f 1253/1334/1253 1252/1337/1252 1248/1323/1248 1249/1322/1249
f 1304/1338/1304 1275/1324/1275 1320/1327/1320 1324/1339/1324
f 1259/1331/1259 1303/1340/1303 1305/1341/1305 1269/1342/1269
f 1520/1343/1520 1525/1344/1525 1303/1340/1303 1259/1331/1259
f 1265/1345/1265 1264/1346/1264 1254/1329/1254 1255/1328/1255
f 1259/1331/1259 1269/1342/1269 1270/1347/1270 1260/1332/1260
f 1264/1346/1264 1263/1348/1263 1253/1334/1253 1254/1329/1254
f 1260/1332/1260 1270/1347/1270 1271/1349/1271 1261/1335/1261
f 1263/1348/1263 1262/1350/1262 1252/1337/1252 1253/1334/1253
f 1262/1350/1262 1266/1351/1266 1256/1352/1256 1252/1337/1252
f 1266/1351/1266 1267/1353/1267 1257/1354/1257 1256/1352/1256
f 1525/1344/1525 1521/1355/1521 1276/1356/1276 1303/1340/1303
f 1303/1340/1303 1276/1356/1276 1277/1357/1277 1305/1341/1305
f 440/1358/440 1306/1359/1306 1264/1346/1264 1265/1345/1265 195/1360/195
f 1306/1359/1306 1307/1361/1307 1263/1348/1263 1264/1346/1264
f 1307/1361/1307 1308/1362/1308 1262/1350/1262 1263/1348/1263
f 1308/1362/1308 1309/1363/1309 1266/1351/1266 1262/1350/1262
f 1309/1363/1309 1304/1338/1304 1267/1353/1267 1266/1351/1266
f 1282/1364/1282 1283/1325/1283 1275/1324/1275 1274/1365/1274
f 1521/1355/1521 1522/1366/1522 1284/1367/1284 1276/1356/1276
f 1276/1356/1276 1284/1367/1284 1285/1368/1285 1277/1357/1277
f 1302/1369/1302 1301/1370/1301 1293/1132/1293 1090/1157/1090
f 415/1371/415 1281/1372/1281 1273/1373/1273 210/1374/210
f 1285/1368/1285 1286/1146/1286 1301/1370/1301 1277/1357/1277
f 1281/1372/1281 1280/1375/1280 1272/1376/1272 1273/1373/1273
f 1280/1375/1280 1282/1364/1282 1274/1365/1274 1272/1376/1272
f 1288/1377/1288 1289/1378/1289 1283/1325/1283 1282/1364/1282
f 1522/1366/1522 1523/1379/1523 1290/1380/1290 1284/1367/1284
f 1284/1367/1284 1290/1380/1290 1291/1381/1291 1285/1368/1285
f 1285/1368/1285 1291/1381/1291 1292/1147/1292 1286/1146/1286
f 415/1371/415 416/1382/416 1281/1372/1281
f 1088/1116/1088 1111/1114/1111 1300/1133/1300 1089/1134/1089
f 417/1383/417 1287/1384/1287 1280/1375/1280 1281/1372/1281 416/1382/416
f 1287/1384/1287 1288/1377/1288 1282/1364/1282 1280/1375/1280
f 1294/1385/1294 1295/1386/1295 1288/1377/1288 1287/1384/1287
f 1295/1386/1295 1296/1387/1296 1289/1378/1289 1288/1377/1288
f 1523/1379/1523 1524/1388/1524 1297/1389/1297 1290/1380/1290
f 1290/1380/1290 1297/1389/1297 1298/1390/1298 1291/1381/1291
f 1291/1381/1291 1298/1390/1298 1299/1391/1299 1292/1147/1292
f 1292/1147/1292 1299/1391/1299 1097/1135/1097 1089/1134/1089
f 470/1392/470 1294/1385/1294 1287/1384/1287 417/1383/417
f 1091/1156/1091 1092/1166/1092 1279/1393/1279 1278/1394/1278
f 1293/1132/1293 1301/1370/1301 1286/1146/1286 1300/1133/1300
f 1293/1132/1293 1112/1131/1112 1113/1145/1113 1090/1157/1090
f 1302/1369/1302 1090/1157/1090 1091/1156/1091 1278/1394/1278
f 1267/1353/1267 1304/1338/1304 1324/1339/1324 1258/1395/1258
f 440/1358/440 397/1396/397 1306/1359/1306
f 210/1374/210 1273/1373/1273 1307/1361/1307 1306/1359/1306 397/1396/397
f 1305/1341/1305 1277/1357/1277 1301/1370/1301 1302/1369/1302
f 1273/1373/1273 1272/1376/1272 1308/1362/1308 1307/1361/1307
f 1272/1376/1272 1274/1365/1274 1309/1363/1309 1308/1362/1308
f 1274/1365/1274 1275/1324/1275 1304/1338/1304 1309/1363/1309
f 1104/1142/1104 1105/1152/1105 1319/1153/1319 1312/1143/1312
f 1102/1108/1102 1103/1128/1103 1313/1129/1313 1314/1111/1314
f 1122/519/1122 1099/1089/1099 1311/315/1311 1316/314/1316
f 1103/1128/1103 1104/1142/1104 1312/1143/1312 1313/1129/1313
f 1099/1089/1099 1100/1096/1100 1310/1097/1310 1311/315/1311
f 1101/1109/1101 1102/1108/1102 1314/1111/1314 1315/1110/1315
f 1106/1162/1106 1107/1173/1107 1317/1174/1317 1318/1163/1318
f 1105/1152/1105 1106/1162/1106 1318/1163/1318 1319/1153/1319
f 1269/1342/1269 1305/1341/1305 1302/1369/1302 1278/1394/1278
f 1044/1185/1044 1251/1320/1251 1211/1264/1211 1054/1184/1054
f 1032/1186/1032 1255/1328/1255 1251/1320/1251 1044/1185/1044
f 1255/1328/1255 1032/1186/1032 1098/518/1098 1265/1345/1265
f 471/521/471 195/1360/195 1265/1345/1265 1098/518/1098
f 1278/1394/1278 1279/1393/1279 1270/1347/1270 1269/1342/1269
f 1283/1325/1283 1289/1378/1289 1322/1397/1322 1321/1326/1321
f 1289/1378/1289 1296/1387/1296 1323/1398/1323 1322/1397/1322
f 1528/1399/1528 1520/1343/1520 1259/1331/1259 1328/1330/1328
f 1279/1393/1279 1325/1400/1325 1271/1349/1271 1270/1347/1270
f 1279/1393/1279 1092/1166/1092 1093/1177/1093 1325/1400/1325
f 1268/1401/1268 1257/1354/1257 1267/1353/1267 1258/1395/1258
f 1297/1389/1297 1334/1402/1334 1335/1403/1335 1298/1390/1298
f 1298/1390/1298 1335/1403/1335 1336/1404/1336 1299/1391/1299
f 1337/54/1337 1323/1398/1323 1296/1387/1296 1333/55/1333
f 185/1099/185 1094/548/1094 225/551/225
f 470/1392/470 472/1405/472 1294/1385/1294
f 446/1406/446 1332/1407/1332 1295/1386/1295 1294/1385/1294 472/1405/472
f 1332/1407/1332 1333/55/1333 1296/1387/1296 1295/1386/1295
f 1095/1119/1095 1096/1118/1096 1330/1408/1330 1329/532/1329
f 1524/1388/1524 1526/1409/1526 1334/1402/1334 1297/1389/1297
f 1096/1118/1096 1097/1135/1097 1331/1410/1331 1330/1408/1330
f 1299/1391/1299 1336/1404/1336 1331/1410/1331 1097/1135/1097
f 1334/1402/1334 1341/66/1341 1342/1411/1342 1335/1403/1335
f 1335/1403/1335 1342/1411/1342 1343/1412/1343 1336/1404/1336
f 1336/1404/1336 1343/1412/1343 1340/24/1340 1331/1410/1331
f 446/1406/446 194/1413/194 1332/1407/1332
f 1329/532/1329 1330/1408/1330 1339/23/1339 1338/42/1338
f 194/1413/194 226/56/226 1333/55/1333 1332/1407/1332
f 1330/1408/1330 1331/1410/1331 1340/24/1340 1339/23/1339
f 1526/1409/1526 1527/62/1527 1341/66/1341 1334/1402/1334
f 1342/1411/1342 1347/208/1347 1348/71/1348 1343/1412/1343
f 1343/1412/1343 1348/71/1348 1345/25/1345 1340/24/1340
f 487/219/487 1344/53/1344 398/57/398
f 1341/66/1341 1346/65/1346 1347/208/1347 1342/1411/1342
f 425/26/425 1345/25/1345 465/73/465
f 464/64/464 466/319/466 1346/65/1346
f 1372/1414/1372 1356/1415/1356 1357/1416/1357 1373/1417/1373
f 1379/1418/1379 1363/1419/1363 1364/1420/1364 1380/1421/1380
f 1373/1417/1373 1357/1416/1357 1358/1422/1358 1374/1423/1374
f 1365/1424/1365 1380/1421/1380 1364/1420/1364 1349/1425/1349
f 1374/1423/1374 1358/1422/1358 1359/1426/1359 1375/1427/1375
f 1365/1424/1365 1349/1425/1349 1350/1428/1350 1366/1429/1366
f 1375/1427/1375 1359/1426/1359 1360/1430/1360 1376/1431/1376
f 1369/1432/1369 1353/1433/1353 1354/1434/1354 1370/1435/1370
f 1366/1429/1366 1350/1428/1350 1351/1436/1351 1367/1437/1367
f 1376/1431/1376 1360/1430/1360 1361/1438/1361 1377/1439/1377
f 1370/1435/1370 1354/1434/1354 1355/1440/1355 1371/1441/1371
f 1368/1442/1368 1352/1443/1352 1353/1433/1353 1369/1432/1369
f 1377/1439/1377 1361/1438/1361 1362/1444/1362 1378/1445/1378
f 1371/1441/1371 1355/1440/1355 1356/1415/1356 1372/1414/1372
f 1367/1437/1367 1351/1436/1351 1352/1443/1352 1368/1442/1368
f 1378/1445/1378 1362/1444/1362 1363/1419/1363 1379/1418/1379
f 1379/1418/1379 1380/1421/1380 1365/1424/1365 1366/1429/1366
f 1378/1445/1378 1379/1418/1379 1366/1429/1366 1367/1437/1367
f 1377/1439/1377 1378/1445/1378 1367/1437/1367 1368/1442/1368
f 1376/1431/1376 1377/1439/1377 1368/1442/1368 1369/1432/1369
f 1369/1432/1369 1370/1435/1370 1375/1427/1375 1376/1431/1376
f 1370/1435/1370 1371/1441/1371 1374/1423/1374 1375/1427/1375
f 1371/1441/1371 1372/1414/1372 1373/1417/1373 1374/1423/1374
f 1356/1415/1356 1388/1446/1388 1389/1447/1389 1357/1416/1357
f 1363/1419/1363 1395/1448/1395 1396/1449/1396 1364/1420/1364
f 1357/1416/1357 1389/1447/1389 1390/1450/1390 1358/1422/1358
f 1349/1425/1349 1364/1420/1364 1396/1449/1396 1381/1451/1381
f 1358/1422/1358 1390/1450/1390 1391/1452/1391 1359/1426/1359
f 1349/1425/1349 1381/1451/1381 1382/1453/1382 1350/1428/1350
f 1359/1426/1359 1391/1452/1391 1392/1454/1392 1360/1430/1360
f 1353/1433/1353 1385/1455/1385 1386/1456/1386 1354/1434/1354
f 1350/1428/1350 1382/1453/1382 1383/1457/1383 1351/1436/1351
f 1360/1430/1360 1392/1454/1392 1393/1458/1393 1361/1438/1361
f 1354/1434/1354 1386/1456/1386 1387/1459/1387 1355/1440/1355
f 1352/1443/1352 1384/1460/1384 1385/1455/1385 1353/1433/1353
f 1361/1438/1361 1393/1458/1393 1394/1461/1394 1362/1444/1362
f 1355/1440/1355 1387/1459/1387 1388/1446/1388 1356/1415/1356
f 1351/1436/1351 1383/1457/1383 1384/1460/1384 1352/1443/1352
f 1362/1444/1362 1394/1461/1394 1395/1448/1395 1363/1419/1363
f 1381/1451/1381 1396/1449/1396 1412/1462/1412 1397/1463/1397
f 1390/1450/1390 1406/1464/1406 1407/1465/1407 1391/1452/1391
f 1381/1451/1381 1397/1463/1397 1398/1466/1398 1382/1453/1382
f 1391/1452/1391 1407/1465/1407 1408/1467/1408 1392/1454/1392
f 1385/1455/1385 1401/1468/1401 1402/1469/1402 1386/1456/1386
f 1382/1453/1382 1398/1466/1398 1399/1470/1399 1383/1457/1383
f 1392/1454/1392 1408/1467/1408 1409/1471/1409 1393/1458/1393
f 1386/1456/1386 1402/1469/1402 1403/1472/1403 1387/1459/1387
f 1384/1460/1384 1400/1473/1400 1401/1468/1401 1385/1455/1385
f 1393/1458/1393 1409/1471/1409 1410/1474/1410 1394/1461/1394
f 1387/1459/1387 1403/1472/1403 1404/1475/1404 1388/1446/1388
f 1383/1457/1383 1399/1470/1399 1400/1473/1400 1384/1460/1384
f 1394/1461/1394 1410/1474/1410 1411/1476/1411 1395/1448/1395
f 1388/1446/1388 1404/1475/1404 1405/1477/1405 1389/1447/1389
f 1395/1448/1395 1411/1476/1411 1412/1462/1412 1396/1449/1396
f 1389/1447/1389 1405/1477/1405 1406/1464/1406 1390/1450/1390
f 1462/1478/1462 1427/1479/1427 1428/1480/1428 1461/1481/1461
f 1464/1482/1464 1421/1483/1421 1422/1484/1422 1463/1485/1463
f 1465/1486/1465 1461/1481/1461 1428/1480/1428 1413/1487/1413
f 1463/1485/1463 1422/1484/1422 1423/1488/1423 1466/1489/1466
f 1465/1486/1465 1413/1487/1413 1414/1490/1414 1467/1491/1467
f 1466/1489/1466 1423/1488/1423 1424/1492/1424 1468/1493/1468
f 1470/1494/1470 1417/1495/1417 1418/1496/1418 1469/1497/1469
f 1467/1491/1467 1414/1490/1414 1415/1498/1415 1471/1499/1471
f 1468/1493/1468 1424/1492/1424 1425/1500/1425 1472/1501/1472
f 1469/1497/1469 1418/1496/1418 1419/1502/1419 1473/1503/1473
f 1474/1504/1474 1416/1505/1416 1417/1495/1417 1470/1494/1470
f 1472/1501/1472 1425/1500/1425 1426/1506/1426 1475/1507/1475
f 1473/1503/1473 1419/1502/1419 1420/1508/1420 1476/1509/1476
f 1471/1499/1471 1415/1498/1415 1416/1505/1416 1474/1504/1474
f 1475/1507/1475 1426/1506/1426 1427/1479/1427 1462/1478/1462
f 1476/1509/1476 1420/1508/1420 1421/1483/1421 1464/1482/1464
f 1413/1487/1413 1428/1480/1428 1444/1510/1444 1429/1511/1429
f 1422/1484/1422 1438/1512/1438 1439/1513/1439 1423/1488/1423
f 1413/1487/1413 1429/1511/1429 1430/1514/1430 1414/1490/1414
f 1423/1488/1423 1439/1513/1439 1440/1515/1440 1424/1492/1424
f 1417/1495/1417 1433/1516/1433 1434/1517/1434 1418/1496/1418
f 1414/1490/1414 1430/1514/1430 1431/1518/1431 1415/1498/1415
f 1424/1492/1424 1440/1515/1440 1441/1519/1441 1425/1500/1425
f 1418/1496/1418 1434/1517/1434 1435/1520/1435 1419/1502/1419
f 1416/1505/1416 1432/1521/1432 1433/1516/1433 1417/1495/1417
f 1425/1500/1425 1441/1519/1441 1442/1522/1442 1426/1506/1426
f 1419/1502/1419 1435/1520/1435 1436/1523/1436 1420/1508/1420
f 1415/1498/1415 1431/1518/1431 1432/1521/1432 1416/1505/1416
f 1426/1506/1426 1442/1522/1442 1443/1524/1443 1427/1479/1427
f 1420/1508/1420 1436/1523/1436 1437/1525/1437 1421/1483/1421
f 1427/1479/1427 1443/1524/1443 1444/1510/1444 1428/1480/1428
f 1421/1483/1421 1437/1525/1437 1438/1512/1438 1422/1484/1422
f 1443/1524/1443 1459/1526/1459 1460/1527/1460 1444/1510/1444
f 1437/1525/1437 1453/1528/1453 1454/1529/1454 1438/1512/1438
f 1429/1511/1429 1444/1510/1444 1460/1527/1460 1445/1530/1445
f 1438/1512/1438 1454/1529/1454 1455/1531/1455 1439/1513/1439
f 1429/1511/1429 1445/1530/1445 1446/1532/1446 1430/1514/1430
f 1439/1513/1439 1455/1531/1455 1456/1533/1456 1440/1515/1440
f 1433/1516/1433 1449/1534/1449 1450/1535/1450 1434/1517/1434
f 1430/1514/1430 1446/1532/1446 1447/1536/1447 1431/1518/1431
f 1440/1515/1440 1456/1533/1456 1457/1537/1457 1441/1519/1441
f 1434/1517/1434 1450/1535/1450 1451/1538/1451 1435/1520/1435
f 1432/1521/1432 1448/1539/1448 1449/1534/1449 1433/1516/1433
f 1441/1519/1441 1457/1537/1457 1458/1540/1458 1442/1522/1442
f 1435/1520/1435 1451/1538/1451 1452/1541/1452 1436/1523/1436
f 1431/1518/1431 1447/1536/1447 1448/1539/1448 1432/1521/1432
f 1442/1522/1442 1458/1540/1458 1459/1526/1459 1443/1524/1443
f 1436/1523/1436 1452/1541/1452 1453/1528/1453 1437/1525/1437
f 1411/1476/1411 1462/1478/1462 1461/1481/1461 1412/1462/1412
f 1405/1477/1405 1464/1482/1464 1463/1485/1463 1406/1464/1406
f 1397/1463/1397 1412/1462/1412 1461/1481/1461 1465/1486/1465
f 1406/1464/1406 1463/1485/1463 1466/1489/1466 1407/1465/1407
f 1397/1463/1397 1465/1486/1465 1467/1491/1467 1398/1466/1398
f 1407/1465/1407 1466/1489/1466 1468/1493/1468 1408/1467/1408
f 1401/1468/1401 1470/1494/1470 1469/1497/1469 1402/1469/1402
f 1398/1466/1398 1467/1491/1467 1471/1499/1471 1399/1470/1399
f 1408/1467/1408 1468/1493/1468 1472/1501/1472 1409/1471/1409
f 1402/1469/1402 1469/1497/1469 1473/1503/1473 1403/1472/1403
f 1400/1473/1400 1474/1504/1474 1470/1494/1470 1401/1468/1401
f 1409/1471/1409 1472/1501/1472 1475/1507/1475 1410/1474/1410
f 1403/1472/1403 1473/1503/1473 1476/1509/1476 1404/1475/1404
f 1399/1470/1399 1471/1499/1471 1474/1504/1474 1400/1473/1400
f 1410/1474/1410 1475/1507/1475 1462/1478/1462 1411/1476/1411
f 1404/1475/1404 1476/1509/1476 1464/1482/1464 1405/1477/1405
f 1460/1527/1460 1051/1171/1051 1061/1170/1061 1445/1530/1445
f 1459/1526/1459 1041/1172/1041 1051/1171/1051 1460/1527/1460
f 1445/1530/1445 1061/1170/1061 1071/1169/1071 1446/1532/1446
f 1187/1247/1187 1447/1536/1447 1446/1532/1446 1071/1169/1071
f 1186/1188/1186 1448/1539/1448 1447/1536/1447 1187/1247/1187
f 1477/1542/1477 1478/1543/1478 1449/1534/1449 1448/1539/1448
f 1478/1543/1478 1479/1544/1479 1450/1535/1450 1449/1534/1449
f 1479/1544/1479 1480/1545/1480 1451/1538/1451 1450/1535/1450
f 626/694/626 627/695/627 1478/1543/1478 1477/1542/1477
f 627/695/627 628/696/628 1479/1544/1479 1478/1543/1478
f 628/696/628 629/697/629 1480/1545/1480 1479/1544/1479
f 242/304/242 626/694/626 1477/1542/1477 1134/1178/1134
f 1134/1178/1134 1477/1542/1477 1448/1539/1448 1186/1188/1186
f 1041/1172/1041 1459/1526/1459 1458/1540/1458 1107/1173/1107
f 1317/1174/1317 1659/1546/1659 1529/1547/1529 1085/1175/1085
f 1481/1548/1481 1125/1180/1125 1023/1068/1023 1482/1549/1482
f 1482/1549/1482 1023/1068/1023 1022/1067/1022 1483/1550/1483
f 1483/1550/1483 1022/1067/1022 1021/1066/1021 1484/1551/1484
f 1484/1551/1484 1021/1066/1021 1020/712/1020 1485/711/1485
f 1486/1552/1486 1176/1235/1176 1125/1180/1125 1481/1548/1481
f 1486/1552/1486 1172/1239/1172 1075/1194/1075 1487/1553/1487
f 1488/1554/1488 1062/1092/1062 1072/1091/1072 1487/1553/1487
f 1489/1555/1489 1052/1093/1052 1062/1092/1062 1488/1554/1488
f 1490/1556/1490 1042/1094/1042 1052/1093/1052 1489/1555/1489
f 1491/1557/1491 1034/1095/1034 1042/1094/1042 1490/1556/1490
f 1491/1557/1491 1035/1107/1035 1101/1109/1101 1492/1558/1492
f 1493/1559/1493 1310/1097/1310 1100/1096/1100 1492/1558/1492
f 1493/1559/1493 1315/1110/1315 1079/1113/1079 1494/1560/1494
f 1494/1560/1494 1079/1113/1079 1110/1115/1110 1495/1561/1495
f 1496/1562/1496 1086/159/1086 1109/158/1109 1495/1561/1495
f 1496/1562/1496 1087/1117/1087 1095/1119/1095 1497/549/1497
f 1497/549/1497 1095/1119/1095 1329/532/1329 1498/531/1498
f 1170/1198/1170 1481/1548/1481 1482/1549/1482 1004/1064/1004
f 1004/1064/1004 1482/1549/1482 1483/1550/1483 999/1063/999
f 999/1063/999 1483/1550/1483 1484/1551/1484 994/1065/994
f 994/1065/994 1484/1551/1484 1485/711/1485 989/741/989
f 1172/1239/1172 1486/1552/1486 1481/1548/1481 1170/1198/1170
f 1176/1235/1176 1486/1552/1486 1487/1553/1487 1072/1091/1072
f 1065/1100/1065 1488/1554/1488 1487/1553/1487 1075/1194/1075
f 1055/1103/1055 1489/1555/1489 1488/1554/1488 1065/1100/1065
f 1045/1105/1045 1490/1556/1490 1489/1555/1489 1055/1103/1055
f 1035/1107/1035 1491/1557/1491 1490/1556/1490 1045/1105/1045
f 1034/1095/1034 1491/1557/1491 1492/1558/1492 1100/1096/1100
f 1315/1110/1315 1493/1559/1493 1492/1558/1492 1101/1109/1101
f 1310/1097/1310 1493/1559/1493 1494/1560/1494 1078/1098/1078
f 1078/1098/1078 1494/1560/1494 1495/1561/1495 1109/158/1109
f 1087/1117/1087 1496/1562/1496 1495/1561/1495 1110/1115/1110
f 1086/159/1086 1496/1562/1496 1497/549/1497 1094/548/1094
f 174/550/174 1498/531/1498 474/534/474
f 227/43/227 229/533/229 1338/42/1338
f 1220/1280/1220 1214/1279/1214 1499/1563/1499 1500/1564/1500
f 1226/1289/1226 1220/1280/1220 1500/1564/1500 1501/1565/1501
f 1232/1296/1232 1226/1289/1226 1501/1565/1501 1502/1566/1502
f 1238/1303/1238 1232/1296/1232 1502/1566/1502 1503/1567/1503
f 1244/1310/1244 1238/1303/1238 1503/1567/1503 1504/1568/1504
f 367/1317/367 1244/1310/1244 1504/1568/1504 722/1569/722
f 1258/1395/1258 1324/1339/1324 1510/1570/1510 1505/1571/1505
f 1324/1339/1324 1320/1327/1320 1506/1572/1506 1510/1570/1510
f 1320/1327/1320 1321/1326/1321 1507/1573/1507 1506/1572/1506
f 1321/1326/1321 1322/1397/1322 1508/1574/1508 1507/1573/1507
f 1322/1397/1322 1323/1398/1323 1509/1575/1509 1508/1574/1508
f 1268/1401/1268 1258/1395/1258 1505/1571/1505 1511/1576/1511
f 1323/1398/1323 1337/54/1337 1512/1577/1512 1509/1575/1509
f 1337/54/1337 1344/53/1344 1513/58/1513 1512/1577/1512
f 1500/1564/1500 1499/1563/1499 1514/1578/1514 1515/1579/1515
f 1501/1565/1501 1500/1564/1500 1515/1579/1515 1516/1580/1516
f 1502/1566/1502 1501/1565/1501 1516/1580/1516 1517/1581/1517
f 1503/1567/1503 1502/1566/1502 1517/1581/1517 1518/1582/1518
f 1504/1568/1504 1503/1567/1503 1518/1582/1518 1519/1583/1519
f 722/1569/722 1504/1568/1504 1519/1583/1519 738/1584/738
f 1505/1571/1505 1510/1570/1510 1525/1585/1525 1520/1586/1520
f 1510/1570/1510 1506/1572/1506 1521/1587/1521 1525/1585/1525
f 1506/1572/1506 1507/1573/1507 1522/1588/1522 1521/1587/1521
f 1507/1573/1507 1508/1574/1508 1523/1589/1523 1522/1588/1522
f 1508/1574/1508 1509/1575/1509 1524/1590/1524 1523/1589/1523
f 1511/1576/1511 1505/1571/1505 1520/1586/1520 1528/1591/1528
f 1509/1575/1509 1512/1577/1512 1526/1592/1526 1524/1590/1524
f 1512/1577/1512 1513/58/1513 1527/61/1527 1526/1592/1526
f 1241/1302/1241 1235/1295/1235 1535/1593/1535 1536/1594/1536
f 1326/1336/1326 1261/1335/1261 1538/1595/1538 1541/1596/1541
f 1235/1295/1235 1229/1288/1229 1534/1597/1534 1535/1593/1535
f 1116/1176/1116 1085/1175/1085 1529/1547/1529 1531/1598/1531
f 1271/1349/1271 1325/1400/1325 1540/1599/1540 1539/1600/1539
f 1093/1177/1093 1116/1176/1116 1531/1598/1531 1530/1601/1530
f 1261/1335/1261 1271/1349/1271 1539/1600/1539 1538/1595/1538
f 1229/1288/1229 1223/1278/1223 1533/1602/1533 1534/1597/1534
f 1325/1400/1325 1093/1177/1093 1530/1601/1530 1540/1599/1540
f 370/1316/370 1247/1309/1247 1537/1603/1537 757/1604/757
f 1223/1278/1223 1217/1277/1217 1532/1605/1532 1533/1602/1533
f 1247/1309/1247 1241/1302/1241 1536/1594/1536 1537/1603/1537
f 1537/1603/1537 1536/1594/1536 1549/1606/1549 1550/1607/1550
f 1530/1601/1530 1531/1598/1531 1544/1608/1544 1543/1609/1543
f 757/1604/757 1537/1603/1537 1550/1607/1550 771/1610/771
f 1533/1602/1533 1532/1605/1532 1545/1611/1545 1546/1612/1546
f 1541/1596/1541 1538/1595/1538 1551/1613/1551 1554/1614/1554
f 1534/1597/1534 1533/1602/1533 1546/1612/1546 1547/1615/1547
f 1538/1595/1538 1539/1600/1539 1552/1616/1552 1551/1613/1551
f 1535/1593/1535 1534/1597/1534 1547/1615/1547 1548/1617/1548
f 1539/1600/1539 1540/1599/1540 1553/1618/1553 1552/1616/1552
f 1536/1594/1536 1535/1593/1535 1548/1617/1548 1549/1606/1549
f 1531/1598/1531 1529/1547/1529 1542/1619/1542 1544/1608/1544
f 1540/1599/1540 1530/1601/1530 1543/1609/1543 1553/1618/1553
f 1553/1618/1553 1543/1609/1543 1556/1620/1556 1566/1621/1566
f 1550/1607/1550 1549/1606/1549 1562/1622/1562 1563/1623/1563
f 1543/1609/1543 1544/1608/1544 1557/1624/1557 1556/1620/1556
f 771/1610/771 1550/1607/1550 1563/1623/1563 785/1625/785
f 1546/1612/1546 1545/1611/1545 1558/1626/1558 1559/1627/1559
f 1554/1614/1554 1551/1613/1551 1564/1628/1564 1567/1629/1567
f 1547/1615/1547 1546/1612/1546 1559/1627/1559 1560/1630/1560
f 1551/1613/1551 1552/1616/1552 1565/1631/1565 1564/1628/1564
f 1548/1617/1548 1547/1615/1547 1560/1630/1560 1561/1632/1561
f 1552/1616/1552 1553/1618/1553 1566/1621/1566 1565/1631/1565
f 1549/1606/1549 1548/1617/1548 1561/1632/1561 1562/1622/1562
f 1544/1608/1544 1542/1619/1542 1555/1633/1555 1557/1624/1557
f 1566/1621/1566 1556/1620/1556 1569/1634/1569 1579/1635/1579
f 1563/1623/1563 1562/1622/1562 1575/1636/1575 1576/1637/1576
f 1556/1620/1556 1557/1624/1557 1570/1638/1570 1569/1634/1569
f 785/1625/785 1563/1623/1563 1576/1637/1576 799/1639/799
f 1559/1627/1559 1558/1626/1558 1571/1640/1571 1572/1641/1572
f 1567/1629/1567 1564/1628/1564 1577/1642/1577 1580/1643/1580
f 1560/1630/1560 1559/1627/1559 1572/1641/1572 1573/1644/1573
f 1564/1628/1564 1565/1631/1565 1578/1645/1578 1577/1642/1577
f 1561/1632/1561 1560/1630/1560 1573/1644/1573 1574/1646/1574
f 1565/1631/1565 1566/1621/1566 1579/1635/1579 1578/1645/1578
f 1562/1622/1562 1561/1632/1561 1574/1646/1574 1575/1636/1575
f 1557/1624/1557 1555/1633/1555 1568/1647/1568 1570/1638/1570
f 1579/1635/1579 1569/1634/1569 1582/1648/1582 1592/1649/1592
f 1576/1637/1576 1575/1636/1575 1588/1650/1588 1589/1651/1589
f 1569/1634/1569 1570/1638/1570 1583/1652/1583 1582/1648/1582
f 799/1639/799 1576/1637/1576 1589/1651/1589 813/1653/813
f 1572/1641/1572 1571/1640/1571 1584/1654/1584 1585/1655/1585
f 1580/1643/1580 1577/1642/1577 1590/1656/1590 1593/1657/1593
f 1573/1644/1573 1572/1641/1572 1585/1655/1585 1586/1658/1586
f 1577/1642/1577 1578/1645/1578 1591/1659/1591 1590/1656/1590
f 1574/1646/1574 1573/1644/1573 1586/1658/1586 1587/1660/1587
f 1578/1645/1578 1579/1635/1579 1592/1649/1592 1591/1659/1591
f 1575/1636/1575 1574/1646/1574 1587/1660/1587 1588/1650/1588
f 1570/1638/1570 1568/1647/1568 1581/1661/1581 1583/1652/1583
f 1592/1649/1592 1582/1648/1582 1595/1662/1595 1605/1663/1605
f 1589/1651/1589 1588/1650/1588 1601/1664/1601 1602/1665/1602
f 1582/1648/1582 1583/1652/1583 1596/1666/1596 1595/1662/1595
f 813/1653/813 1589/1651/1589 1602/1665/1602 827/1667/827
f 1585/1655/1585 1584/1654/1584 1597/1668/1597 1598/1669/1598
f 1593/1657/1593 1590/1656/1590 1603/1670/1603 1606/1671/1606
f 1586/1658/1586 1585/1655/1585 1598/1669/1598 1599/1672/1599
f 1590/1656/1590 1591/1659/1591 1604/1673/1604 1603/1670/1603
f 1587/1660/1587 1586/1658/1586 1599/1672/1599 1600/1674/1600
f 1591/1659/1591 1592/1649/1592 1605/1663/1605 1604/1673/1604
f 1588/1650/1588 1587/1660/1587 1600/1674/1600 1601/1664/1601
f 1583/1652/1583 1581/1661/1581 1594/1675/1594 1596/1666/1596
f 1596/1666/1596 1594/1675/1594 1607/1676/1607 1609/1677/1609
f 1605/1663/1605 1595/1662/1595 1608/1678/1608 1618/1679/1618
f 1602/1665/1602 1601/1664/1601 1614/1680/1614 1615/1681/1615
f 1595/1662/1595 1596/1666/1596 1609/1677/1609 1608/1678/1608
f 1598/1669/1598 1597/1668/1597 1610/1682/1610 1611/1683/1611
f 1606/1671/1606 1603/1670/1603 1616/1684/1616 1619/1685/1619
f 1599/1672/1599 1598/1669/1598 1611/1683/1611 1612/1686/1612
f 1603/1670/1603 1604/1673/1604 1617/1687/1617 1616/1684/1616
f 1600/1674/1600 1599/1672/1599 1612/1686/1612 1613/1688/1613
f 1604/1673/1604 1605/1663/1605 1618/1679/1618 1617/1687/1617
f 1601/1664/1601 1600/1674/1600 1613/1688/1613 1614/1680/1614
f 1614/1680/1614 1613/1688/1613 1626/1689/1626 1627/1690/1627
f 1609/1677/1609 1607/1676/1607 1620/1691/1620 1622/1692/1622
f 1618/1679/1618 1608/1678/1608 1621/1693/1621 1631/1694/1631
f 1615/1681/1615 1614/1680/1614 1627/1690/1627 1628/1695/1628
f 1608/1678/1608 1609/1677/1609 1622/1692/1622 1621/1693/1621
f 841/1696/841 1615/1681/1615 1628/1695/1628 855/1697/855
f 1611/1683/1611 1610/1682/1610 1623/1698/1623 1624/1699/1624
f 1619/1685/1619 1616/1684/1616 1629/1700/1629 1632/1701/1632
f 1612/1686/1612 1611/1683/1611 1624/1699/1624 1625/1702/1625
f 1616/1684/1616 1617/1687/1617 1630/1703/1630 1629/1700/1629
f 1613/1688/1613 1612/1686/1612 1625/1702/1625 1626/1689/1626
f 1617/1687/1617 1618/1679/1618 1631/1694/1631 1630/1703/1630
f 1697/1704/1697 1696/1705/1696 1645/1706/1645 1644/1707/1644
f 1627/1690/1627 1626/1689/1626 1640/1708/1640 1641/1709/1641
f 1699/1710/1699 1698/1711/1698 1633/1712/1633 1635/1713/1635
f 1696/1705/1696 1700/1714/1700 1634/1715/1634 1645/1706/1645
f 1628/1695/1628 1627/1690/1627 1641/1709/1641 1642/1716/1642
f 1700/1714/1700 1699/1710/1699 1635/1713/1635 1634/1715/1634
f 855/1697/855 1628/1695/1628 1642/1716/1642 870/1717/870
f 1624/1699/1624 1623/1698/1623 1637/1718/1637 1638/1719/1638
f 1625/1702/1625 1624/1699/1624 1638/1719/1638 1639/1720/1639
f 1626/1689/1626 1625/1702/1625 1639/1720/1639 1640/1708/1640
f 1644/1707/1644 1645/1706/1645 1657/1721/1657 1656/1722/1656
f 1703/1723/1703 1702/1724/1702 1653/1725/1653 1654/1726/1654
f 1645/1706/1645 1634/1715/1634 1647/1727/1647 1657/1721/1657
f 1704/1728/1704 1703/1723/1703 1654/1726/1654 1655/1729/1655
f 1634/1715/1634 1635/1713/1635 1648/1730/1648 1647/1727/1647
f 939/1731/939 1704/1728/1704 1655/1729/1655 884/1732/884
f 1208/1270/1208 1248/1323/1248 1212/1272/1212 1207/1260/1207
f 1706/1733/1706 1705/1734/1705 1650/1735/1650 1651/1736/1651
f 1708/1737/1708 1706/1733/1706 1651/1736/1651 1652/1738/1652
f 1702/1724/1702 1708/1737/1708 1652/1738/1652 1653/1725/1653
f 1659/1546/1659 1317/1174/1317 1107/1173/1107 1458/1540/1458
f 1457/1537/1457 1660/1739/1660 1659/1546/1659 1458/1540/1458
f 1529/1547/1529 1659/1546/1659 1660/1739/1660 1542/1619/1542
f 1542/1619/1542 1660/1739/1660 1661/1740/1661 1555/1633/1555
f 1456/1533/1456 1661/1740/1661 1660/1739/1660 1457/1537/1457
f 1692/1741/1692 1678/1742/1678 1672/1743/1672 1693/1744/1693
f 1594/1675/1594 1691/1745/1691 1692/1741/1692 1607/1676/1607
f 1692/1741/1692 1691/1745/1691 1683/1746/1683 1678/1742/1678
f 1581/1661/1581 1662/1747/1662 1691/1745/1691 1594/1675/1594
f 1711/1748/1711 1707/1749/1707 1643/1750/1643 1649/1751/1649
f 1691/1745/1691 1662/1747/1662 1688/1752/1688 1683/1746/1683
f 1707/1749/1707 945/954/945 893/953/893 1643/1750/1643
f 1454/1529/1454 1453/1528/1453 1664/1753/1664 1665/1754/1665
f 1710/1755/1710 1711/1748/1711 1649/1751/1649 1636/1756/1636
f 1568/1647/1568 1663/1757/1663 1662/1747/1662 1581/1661/1581
f 1679/1758/1679 1680/1759/1680 1667/1760/1667 1669/1761/1669
f 1665/1754/1665 1664/1753/1664 1670/1762/1670 1671/1763/1671
f 1662/1747/1662 1663/1757/1663 1455/1531/1455 1688/1752/1688
f 1680/1759/1680 917/967/917 895/966/895 1667/1760/1667
f 1675/1764/1675 1679/1758/1679 1669/1761/1669 1673/1765/1673
f 1685/1766/1685 1668/1767/1668 1680/1759/1680 1679/1758/1679
f 1668/1767/1668 894/972/894 917/967/917 1680/1759/1680
f 1689/1768/1689 1685/1766/1685 1679/1758/1679 1675/1764/1675
f 1671/1763/1671 1670/1762/1670 1676/1769/1676 1677/1770/1677
f 1555/1633/1555 1661/1740/1661 1663/1757/1663 1568/1647/1568
f 1684/1771/1684 1690/1772/1690 1685/1766/1685 1689/1768/1689
f 1674/1773/1674 912/979/912 894/972/894 1668/1767/1668
f 1690/1772/1690 1674/1773/1674 1668/1767/1668 1685/1766/1685
f 1677/1770/1677 1676/1769/1676 1681/1774/1681 1682/1775/1682
f 1455/1531/1455 1663/1757/1663 1661/1740/1661 1456/1533/1456
f 1452/1541/1452 1451/1538/1451 1690/1772/1690 1684/1771/1684
f 1451/1538/1451 1480/1545/1480 1674/1773/1674 1690/1772/1690
f 1713/1776/1713 1712/1777/1712 1686/1778/1686 1687/1779/1687
f 1454/1529/1454 1665/1754/1665 1688/1752/1688 1455/1531/1455
f 1671/1763/1671 1683/1746/1683 1688/1752/1688 1665/1754/1665
f 1677/1770/1677 1678/1742/1678 1683/1746/1683 1671/1763/1671
f 1677/1770/1677 1682/1775/1682 1672/1743/1672 1678/1742/1678
f 1713/1776/1713 1687/1779/1687 1666/1780/1666 1714/1781/1714
f 1607/1676/1607 1692/1741/1692 1693/1744/1693 1620/1691/1620
f 1709/1782/1709 1714/1781/1714 1666/1780/1666 1694/1783/1694
f 1698/1711/1698 1709/1782/1709 1694/1783/1694 1633/1712/1633
f 1452/1541/1452 1684/1771/1684 1664/1753/1664 1453/1528/1453
f 1664/1753/1664 1684/1771/1684 1689/1768/1689 1670/1762/1670
f 1675/1764/1675 1676/1769/1676 1670/1762/1670 1689/1768/1689
f 1673/1765/1673 1681/1774/1681 1676/1769/1676 1675/1764/1675
f 1710/1755/1710 1712/1777/1712 1681/1774/1681 1673/1765/1673
f 1715/1784/1715 1629/1700/1629 1630/1703/1630 1697/1704/1697
f 1701/1785/1701 1632/1701/1632 1629/1700/1629 1715/1784/1715
f 1755/1786/1755 1643/1750/1643 893/953/893 1745/993/1745
f 1630/1703/1630 1631/1694/1631 1696/1705/1696 1697/1704/1697
f 1622/1692/1622 1620/1691/1620 1698/1711/1698 1699/1710/1699
f 1631/1694/1631 1621/1693/1621 1700/1714/1700 1696/1705/1696
f 1621/1693/1621 1622/1692/1622 1699/1710/1699 1700/1714/1700
f 1641/1709/1641 1640/1708/1640 1702/1724/1702 1703/1723/1703
f 1642/1716/1642 1641/1709/1641 1703/1723/1703 1704/1728/1704
f 870/1717/870 1642/1716/1642 1704/1728/1704 939/1731/939
f 1638/1719/1638 1637/1718/1637 1705/1734/1705 1706/1733/1706
f 1639/1720/1639 1638/1719/1638 1706/1733/1706 1708/1737/1708
f 1640/1708/1640 1639/1720/1639 1708/1737/1708 1702/1724/1702
f 1669/1761/1669 1667/1760/1667 1707/1749/1707 1711/1748/1711
f 1667/1760/1667 895/966/895 945/954/945 1707/1749/1707
f 1673/1765/1673 1669/1761/1669 1711/1748/1711 1710/1755/1710
f 1682/1775/1682 1681/1774/1681 1712/1777/1712 1713/1776/1713
f 1682/1775/1682 1713/1776/1713 1714/1781/1714 1672/1743/1672
f 1693/1744/1693 1672/1743/1672 1714/1781/1714 1709/1782/1709
f 1620/1691/1620 1693/1744/1693 1709/1782/1709 1698/1711/1698
f 1636/1756/1636 1686/1778/1686 1712/1777/1712 1710/1755/1710
f 1695/1787/1695 1715/1784/1715 1697/1704/1697 1644/1707/1644
f 1646/1788/1646 1701/1785/1701 1715/1784/1715 1695/1787/1695
f 1743/1789/1743 1750/1790/1750 1716/1791/1716 1656/1722/1656
f 1656/1722/1656 1716/1791/1716 1695/1787/1695 1644/1707/1644
f 1646/1788/1646 1695/1787/1695 1716/1791/1716 1658/1792/1658
f 1248/1323/1248 1252/1337/1252 1256/1352/1256 1212/1272/1212
f 1212/1272/1212 1256/1352/1256 1257/1354/1257 1213/1273/1213
f 1213/1273/1213 1257/1354/1257 1268/1401/1268 1214/1279/1214
f 1511/1576/1511 1499/1563/1499 1214/1279/1214 1268/1401/1268
f 1528/1591/1528 1514/1578/1514 1499/1563/1499 1511/1576/1511
f 1514/1282/1514 1528/1399/1528 1328/1330/1328 1215/1283/1215
f 1215/1283/1215 1328/1330/1328 1327/1333/1327 1216/1276/1216
f 1216/1276/1216 1327/1333/1327 1326/1336/1326 1217/1277/1217
f 1541/1596/1541 1532/1605/1532 1217/1277/1217 1326/1336/1326
f 1532/1605/1532 1541/1596/1541 1554/1614/1554 1545/1611/1545
f 1545/1611/1545 1554/1614/1554 1567/1629/1567 1558/1626/1558
f 1558/1626/1558 1567/1629/1567 1580/1643/1580 1571/1640/1571
f 1571/1640/1571 1580/1643/1580 1593/1657/1593 1584/1654/1584
f 1584/1654/1584 1593/1657/1593 1606/1671/1606 1597/1668/1597
f 1597/1668/1597 1606/1671/1606 1619/1685/1619 1610/1682/1610
f 1610/1682/1610 1619/1685/1619 1632/1701/1632 1623/1698/1623
f 1701/1785/1701 1637/1718/1637 1623/1698/1623 1632/1701/1632
f 1637/1718/1637 1701/1785/1701 1646/1788/1646 1705/1734/1705
f 1705/1734/1705 1646/1788/1646 1658/1792/1658 1650/1735/1650
f 649/722/649 663/1000/663 953/701/953
f 1019/1062/1019 1717/720/1717 956/700/956 39/187/39
f 659/1075/659 697/1793/697 1718/1076/1718
f 697/1793/697 689/721/689 1717/720/1717 1718/1076/1718
f 1181/1242/1181 294/378/294 296/380/296 1182/1243/1182
f 1480/1545/1480 629/697/629 912/979/912 1674/1773/1674
f 827/1667/827 1602/1665/1602 1615/1681/1615 841/1696/841
f 1129/1233/1129 237/1250/237 261/1224/261 1152/1223/1152
f 1651/1736/1651 1650/1735/1650 1757/1794/1757 1762/1795/1762
f 1650/1735/1650 1658/1792/1658 1758/1796/1758 1757/1794/1757
f 879/934/879 1759/1797/1759 1754/1798/1754 878/935/878
f 878/935/878 1754/1798/1754 1760/1799/1760 887/999/887
f 1658/1792/1658 1716/1791/1716 1750/1790/1750 1758/1796/1758
f 1636/1756/1636 1649/1751/1649 1748/1800/1748 1761/1801/1761
f 1643/1750/1643 1755/1786/1755 1748/1800/1748 1649/1751/1649
f 885/921/885 1747/996/1747 1753/1802/1753 886/922/886
f 863/958/863 1752/1803/1752 1746/1804/1746 877/949/877
f 871/950/871 877/949/877 1746/1804/1746 1751/992/1751
f 1656/1722/1656 1657/1721/1657 1749/1805/1749 1743/1789/1743
f 887/999/887 1760/1799/1760 1740/998/1740 952/997/952
f 884/1732/884 1655/1729/1655 1738/1806/1738 1741/1807/1741
f 1657/1721/1657 1647/1727/1647 1737/1808/1737 1749/1805/1749
f 1647/1727/1647 1648/1730/1648 1744/1809/1744 1737/1808/1737
f 1666/1780/1666 1687/1779/1687 1736/1810/1736 1756/1811/1756
f 884/932/884 1741/1812/1741 1735/1813/1735 883/929/883
f 886/922/886 1753/1802/1753 1734/1814/1734 875/927/875
f 875/927/875 1734/1814/1734 1739/1815/1739 876/930/876
f 1655/1729/1655 1654/1726/1654 1732/1816/1732 1738/1806/1738
f 1694/1783/1694 1666/1780/1666 1756/1811/1756 1731/1817/1731
f 1633/1712/1633 1694/1783/1694 1731/1817/1731 1742/1818/1742
f 1686/1778/1686 1636/1756/1636 1761/1801/1761 1730/1819/1730
f 1687/1779/1687 1686/1778/1686 1730/1819/1730 1736/1810/1736
f 1635/1713/1635 1633/1712/1633 1742/1818/1742 1729/1820/1729 1648/1730/1648
f 1648/1730/1648 1729/1820/1729 1744/1809/1744
f 883/929/883 1735/1813/1735 1728/1821/1728 882/924/882
f 862/911/862 876/930/876 1726/1822/1726 1733/1823/1733 860/912/860
f 876/930/876 1739/1815/1739 1726/1822/1726
f 1654/1726/1654 1653/1725/1653 1725/1824/1725 1732/1816/1732
f 882/924/882 1728/1821/1728 1724/1825/1724 881/925/881
f 898/987/898 1727/1826/1727 1723/1827/1723 921/983/921
f 1653/1725/1653 1652/1738/1652 1722/1828/1722 1725/1824/1725
f 1652/1738/1652 1651/1736/1651 1762/1795/1762 1722/1828/1722
f 881/925/881 1724/1825/1724 1721/1829/1721 880/938/880
f 880/938/880 1721/1829/1721 1759/1797/1759 879/934/879
f 928/989/928 1720/1830/1720 1727/1826/1727 898/987/898
f 860/912/860 1733/1823/1733 1720/1830/1720 928/989/928
f 920/984/920 1719/1831/1719 1752/1803/1752 863/958/863
f 921/983/921 1723/1827/1723 1719/1831/1719 920/984/920
